order_id,invoice_number,amount,status,due_date,issued_date,customer_name
ORD-20789,INV-2026-49934,1273.82,OVERDUE,2025-07-21,2025-06-21,Polaris Retail
ORD-81225,INV-2026-61346,3611.68,PARTIAL,2025-12-15,2025-11-15,Apex Ventures
ORD-93057,INV-2026-3880,3868.54,PARTIAL,2025-02-28,2025-01-29,Crest Enterprises
ORD-43251,INV-2026-14569,1368.97,OVERDUE,2026-06-23,2026-05-24,GlobalMart
ORD-66244,INV-2026-73169,870.67,PARTIAL,2025-07-27,2025-06-27,GlobalMart
ORD-80275,INV-2026-86265,686.50,PAID,2026-03-02,2026-01-31,Omega Brands
ORD-31108,INV-2026-13682,2030.88,OVERDUE,2025-06-13,2025-05-14,Nova Distributors
ORD-73990,INV-2026-1512,1099.07,OVERDUE,2025-11-18,2025-10-19,Atlas Merchants
ORD-96473,INV-2026-84756,3226.14,SENT,2025-06-24,2025-05-25,Polaris Retail
ORD-31283,INV-2026-29534,4535.76,SENT,2025-10-16,2025-09-16,NexGen Logistics
ORD-66727,INV-2026-27208,2292.33,CANCELLED,2025-09-07,2025-08-08,Zenith Group
ORD-77167,INV-2026-98795,439.06,PAID,2025-10-15,2025-09-15,InnovateTech
ORD-48483,INV-2026-45873,4996.08,CANCELLED,2026-06-11,2026-05-12,Eclipse Logistics
ORD-80975,INV-2026-37715,2410.24,CANCELLED,2025-02-07,2025-01-08,Pinnacle Wholesale
ORD-43838,INV-2026-62026,1451.01,DRAFT,2026-04-29,2026-03-30,Orion Industries
ORD-50918,INV-2026-29158,1401.79,DRAFT,2025-02-03,2025-01-04,Apex Ventures
ORD-70062,INV-2026-77837,1532.76,PARTIAL,2025-03-06,2025-02-04,Zenith Group
ORD-52171,INV-2026-24921,3790.52,SENT,2025-07-30,2025-06-30,Crest Enterprises
ORD-42338,INV-2026-83845,684.59,PAID,2025-11-02,2025-10-03,Titan Trading
ORD-80464,INV-2026-99932,1198.09,PARTIAL,2026-02-18,2026-01-19,InnovateTech
ORD-85596,INV-2026-77969,1876.77,DRAFT,2026-05-06,2026-04-06,Sigma Networks
ORD-51698,INV-2026-35581,2495.79,PARTIAL,2025-06-03,2025-05-04,Astra Corporation
ORD-52237,INV-2026-88661,2279.83,OVERDUE,2026-04-09,2026-03-10,NexGen Logistics
ORD-55387,INV-2026-94482,52.63,PARTIAL,2026-04-15,2026-03-16,NexGen Logistics
ORD-34536,INV-2026-4444,1538.74,PARTIAL,2026-05-05,2026-04-05,Delta Commerce
ORD-26372,INV-2026-34953,3082.52,PAID,2026-06-02,2026-05-03,NexGen Logistics
ORD-46929,INV-2026-68894,1289.09,SENT,2026-04-15,2026-03-16,InnovateTech
ORD-55677,INV-2026-23530,4631.96,PARTIAL,2025-10-01,2025-09-01,Acme Corp
ORD-52299,INV-2026-99497,2153.64,SENT,2025-03-24,2025-02-22,Phoenix Trade
ORD-83357,INV-2026-7169,2568.14,DRAFT,2026-05-31,2026-05-01,Atlas Merchants
ORD-75828,INV-2026-1565,2990.15,CANCELLED,2025-08-05,2025-07-06,NexGen Logistics
ORD-14719,INV-2026-77057,4144.56,PAID,2025-07-31,2025-07-01,Atlas Merchants
ORD-25075,INV-2026-1512,3251.37,CANCELLED,2025-11-07,2025-10-08,Helix Suppliers
ORD-28900,INV-2026-26628,3194.31,PARTIAL,2025-10-23,2025-09-23,Sigma Networks
ORD-84042,INV-2026-11747,1097.32,PARTIAL,2025-07-10,2025-06-10,Sigma Networks
ORD-86158,INV-2026-18131,2958.03,CANCELLED,2025-02-11,2025-01-12,NexGen Logistics
ORD-51307,INV-2026-12391,162.61,PARTIAL,2025-07-21,2025-06-21,NexGen Logistics
ORD-72808,INV-2026-79339,2829.09,SENT,2026-02-04,2026-01-05,Eclipse Logistics
ORD-70766,INV-2026-75996,4880.18,CANCELLED,2026-07-09,2026-06-09,Horizon Wholesale
ORD-78869,INV-2026-33457,1698.14,CANCELLED,2025-10-14,2025-09-14,Cascade Imports
ORD-37744,INV-2026-23129,2184.49,DRAFT,2025-09-25,2025-08-26,NexGen Logistics
ORD-32378,INV-2026-40275,293.37,DRAFT,2026-05-25,2026-04-25,Sigma Networks
ORD-94126,INV-2026-5208,112.12,OVERDUE,2025-05-17,2025-04-17,Sigma Networks
ORD-23867,INV-2026-46502,293.65,OVERDUE,2026-01-01,2025-12-02,PrimeSourcing
ORD-48494,INV-2026-50968,116.84,CANCELLED,2026-02-13,2026-01-14,Eclipse Logistics
ORD-85484,INV-2026-22187,4779.28,DRAFT,2025-12-31,2025-12-01,InnovateTech
ORD-56942,INV-2026-12044,3914.60,SENT,2026-07-07,2026-06-07,Orion Industries
ORD-60225,INV-2026-6955,156.60,CANCELLED,2026-05-13,2026-04-13,Polaris Retail
ORD-47978,INV-2026-76739,1439.26,DRAFT,2025-05-16,2025-04-16,Helix Suppliers
ORD-67938,INV-2026-15415,1897.74,CANCELLED,2025-04-04,2025-03-05,Quantum Distribution
ORD-63183,INV-2026-39757,4172.48,CANCELLED,2026-06-15,2026-05-16,Quantum Distribution
ORD-71765,INV-2026-17493,3499.62,CANCELLED,2025-02-21,2025-01-22,Helix Suppliers
ORD-23850,INV-2026-20135,1614.64,CANCELLED,2026-04-12,2026-03-13,Vega Exports
ORD-46606,INV-2026-69306,3463.42,PAID,2025-09-22,2025-08-23,Polaris Retail
ORD-27735,INV-2026-74973,4659.70,PARTIAL,2026-04-28,2026-03-29,Omega Brands
ORD-96555,INV-2026-56887,3162.10,DRAFT,2026-01-09,2025-12-10,Elite Traders
ORD-96135,INV-2026-25134,4056.79,PARTIAL,2026-01-13,2025-12-14,Titan Trading
ORD-91376,INV-2026-78977,3806.29,PAID,2026-06-11,2026-05-12,GlobalMart
ORD-86221,INV-2026-40586,2224.62,PARTIAL,2026-06-23,2026-05-24,TechStart Inc
ORD-15828,INV-2026-62306,4925.18,CANCELLED,2025-04-26,2025-03-27,Astra Corporation
ORD-94437,INV-2026-93374,3735.62,DRAFT,2025-09-25,2025-08-26,Apex Ventures
ORD-34727,INV-2026-29697,2037.98,SENT,2026-01-23,2025-12-24,Nova Distributors
ORD-29470,INV-2026-15995,3146.30,OVERDUE,2025-08-02,2025-07-03,Reliable Retail
ORD-44826,INV-2026-2442,4790.44,PARTIAL,2025-04-29,2025-03-30,Apex Ventures
ORD-52013,INV-2026-70871,4813.34,CANCELLED,2026-04-20,2026-03-21,Orion Industries
ORD-42453,INV-2026-15446,4917.96,PARTIAL,2025-11-05,2025-10-06,Titan Trading
ORD-38999,INV-2026-72037,2358.08,OVERDUE,2025-05-23,2025-04-23,GlobalMart
ORD-54937,INV-2026-40832,771.59,DRAFT,2025-05-26,2025-04-26,Phoenix Trade
ORD-78410,INV-2026-66565,3122.33,PAID,2025-10-20,2025-09-20,Nova Distributors
ORD-25030,INV-2026-82783,782.34,PARTIAL,2026-03-02,2026-01-31,Metro Supplies
ORD-98003,INV-2026-77108,1712.22,OVERDUE,2025-08-29,2025-07-30,Quantum Distribution
ORD-61631,INV-2026-86745,1980.44,PAID,2025-06-02,2025-05-03,Pinnacle Wholesale
ORD-39232,INV-2026-12559,1129.11,OVERDUE,2025-10-28,2025-09-28,Acme Corp
ORD-10080,INV-2026-92743,509.59,CANCELLED,2025-03-31,2025-03-01,Horizon Wholesale
ORD-25345,INV-2026-15093,73.76,OVERDUE,2025-10-11,2025-09-11,Omega Brands
ORD-31577,INV-2026-24746,1404.83,PAID,2025-09-28,2025-08-29,NexGen Logistics
ORD-60389,INV-2026-46525,3876.66,CANCELLED,2025-12-18,2025-11-18,GlobalMart
ORD-97297,INV-2026-68350,3058.88,PARTIAL,2026-06-28,2026-05-29,InnovateTech
ORD-94113,INV-2026-76926,2461.24,PARTIAL,2026-01-04,2025-12-05,Phoenix Trade
ORD-52695,INV-2026-9527,4954.71,CANCELLED,2025-05-26,2025-04-26,Apex Ventures
ORD-47355,INV-2026-32252,2033.49,CANCELLED,2025-03-13,2025-02-11,Horizon Wholesale
ORD-94077,INV-2026-28985,1385.11,CANCELLED,2025-10-20,2025-09-20,Omega Brands
ORD-87919,INV-2026-27859,191.67,PAID,2025-11-06,2025-10-07,TechStart Inc
ORD-78748,INV-2026-7119,3061.04,DRAFT,2025-03-06,2025-02-04,Acme Corp
ORD-64578,INV-2026-77881,1663.07,CANCELLED,2025-05-06,2025-04-06,Nova Distributors
ORD-80226,INV-2026-92949,1118.93,SENT,2025-04-28,2025-03-29,Zenith Group
ORD-71687,INV-2026-78214,4799.30,SENT,2026-03-05,2026-02-03,Vertex Solutions
ORD-60436,INV-2026-38756,135.18,PARTIAL,2025-10-01,2025-09-01,Polaris Retail
ORD-16315,INV-2026-59583,1767.58,PAID,2025-02-27,2025-01-28,Atlas Merchants
ORD-66444,INV-2026-37449,151.87,DRAFT,2025-04-02,2025-03-03,Zenith Group
ORD-68643,INV-2026-15451,334.06,DRAFT,2026-04-28,2026-03-29,Nova Distributors
ORD-59262,INV-2026-49434,534.86,PAID,2025-07-16,2025-06-16,Eclipse Logistics
ORD-13339,INV-2026-71819,1943.32,SENT,2026-06-25,2026-05-26,Elite Traders
ORD-85919,INV-2026-36590,1801.64,PAID,2025-08-19,2025-07-20,Nova Distributors
ORD-34669,INV-2026-12153,2649.89,PARTIAL,2026-04-21,2026-03-22,Zenith Group
ORD-53550,INV-2026-34565,4427.71,SENT,2025-10-19,2025-09-19,Cascade Imports
ORD-70584,INV-2026-67852,574.68,SENT,2026-03-27,2026-02-25,Vega Exports
ORD-81867,INV-2026-68366,3673.80,DRAFT,2026-05-26,2026-04-26,Atlas Merchants
ORD-92602,INV-2026-98186,2811.71,OVERDUE,2025-10-02,2025-09-02,NexGen Logistics
ORD-17723,INV-2026-11606,3011.20,DRAFT,2025-09-11,2025-08-12,Acme Corp
ORD-74294,INV-2026-83246,3893.73,DRAFT,2026-05-21,2026-04-21,Astra Corporation
ORD-65551,INV-2026-17853,1285.42,PARTIAL,2025-07-26,2025-06-26,Metro Supplies
ORD-53963,INV-2026-70610,2744.14,DRAFT,2025-05-30,2025-04-30,NexGen Logistics
ORD-67655,INV-2026-61734,2122.19,PAID,2025-05-08,2025-04-08,Omega Brands
ORD-13863,INV-2026-59962,4987.56,PAID,2025-12-15,2025-11-15,PrimeSourcing
ORD-44505,INV-2026-51991,2368.07,PARTIAL,2025-02-19,2025-01-20,TechStart Inc
ORD-43287,INV-2026-87304,4716.77,PAID,2026-04-30,2026-03-31,Horizon Wholesale
ORD-63909,INV-2026-42361,2509.93,SENT,2026-01-12,2025-12-13,Pinnacle Wholesale
ORD-49093,INV-2026-46883,2748.06,OVERDUE,2026-01-27,2025-12-28,GlobalMart
ORD-87999,INV-2026-52242,365.64,CANCELLED,2025-02-18,2025-01-19,Phoenix Trade
ORD-18744,INV-2026-87409,3533.16,DRAFT,2025-02-21,2025-01-22,Metro Supplies
ORD-49783,INV-2026-85524,1538.46,CANCELLED,2026-04-08,2026-03-09,NexGen Logistics
ORD-95087,INV-2026-98457,4621.93,SENT,2025-05-23,2025-04-23,Orion Industries
ORD-55791,INV-2026-33265,2780.70,CANCELLED,2026-05-13,2026-04-13,Eclipse Logistics
ORD-38454,INV-2026-77292,4881.97,PARTIAL,2025-03-21,2025-02-19,Delta Commerce
ORD-62913,INV-2026-52167,3728.03,OVERDUE,2026-01-31,2026-01-01,Polaris Retail
ORD-29889,INV-2026-34654,3239.11,SENT,2025-02-14,2025-01-15,Eclipse Logistics
ORD-41537,INV-2026-14603,4196.94,PAID,2026-06-07,2026-05-08,Crest Enterprises
ORD-87820,INV-2026-65727,94.82,PAID,2025-04-08,2025-03-09,InnovateTech
ORD-27165,INV-2026-37366,1875.41,DRAFT,2026-05-30,2026-04-30,Delta Commerce
ORD-82176,INV-2026-31642,2206.03,PAID,2025-03-15,2025-02-13,Titan Trading
ORD-91780,INV-2026-56248,3687.90,DRAFT,2025-05-16,2025-04-16,Crest Enterprises
ORD-28226,INV-2026-20171,2324.63,OVERDUE,2026-04-01,2026-03-02,NexGen Logistics
ORD-37042,INV-2026-80593,3248.38,PAID,2025-08-03,2025-07-04,Horizon Wholesale
ORD-64987,INV-2026-1160,470.09,PARTIAL,2026-05-04,2026-04-04,NexGen Logistics
ORD-64612,INV-2026-45998,1712.06,DRAFT,2025-08-27,2025-07-28,PrimeSourcing
ORD-66964,INV-2026-13922,990.06,PARTIAL,2025-10-24,2025-09-24,PrimeSourcing
ORD-69296,INV-2026-1713,457.05,CANCELLED,2025-06-11,2025-05-12,Reliable Retail
ORD-36509,INV-2026-85687,3884.47,SENT,2025-03-30,2025-02-28,TechStart Inc
ORD-31767,INV-2026-43506,4318.09,PARTIAL,2025-09-16,2025-08-17,TechStart Inc
ORD-46098,INV-2026-95750,2025.33,PARTIAL,2025-12-13,2025-11-13,Acme Corp
ORD-69397,INV-2026-13306,2745.49,PARTIAL,2026-02-16,2026-01-17,Quantum Distribution
ORD-40467,INV-2026-15836,3812.86,PAID,2026-03-20,2026-02-18,Elite Traders
ORD-76465,INV-2026-29825,1652.54,OVERDUE,2025-07-31,2025-07-01,Eclipse Logistics
ORD-82816,INV-2026-61390,1730.45,PARTIAL,2025-05-20,2025-04-20,Helix Suppliers
ORD-76722,INV-2026-34900,2737.49,SENT,2025-10-01,2025-09-01,Zenith Group
ORD-47707,INV-2026-74755,795.82,PAID,2025-07-03,2025-06-03,Eclipse Logistics
ORD-86929,INV-2026-55389,1304.39,CANCELLED,2026-05-24,2026-04-24,Helix Suppliers
ORD-18274,INV-2026-50572,1950.79,PARTIAL,2025-09-02,2025-08-03,Polaris Retail
ORD-16179,INV-2026-28196,4974.00,SENT,2025-05-09,2025-04-09,Orion Industries
ORD-82362,INV-2026-94443,3918.23,DRAFT,2026-05-23,2026-04-23,Acme Corp
ORD-22537,INV-2026-68095,821.91,DRAFT,2026-01-08,2025-12-09,Metro Supplies
ORD-74141,INV-2026-35453,4846.02,PARTIAL,2025-04-30,2025-03-31,Horizon Wholesale
ORD-27543,INV-2026-99752,1870.00,SENT,2025-05-17,2025-04-17,Omega Brands
ORD-81584,INV-2026-25960,4815.17,PARTIAL,2025-08-18,2025-07-19,Elite Traders
ORD-11994,INV-2026-86382,435.87,CANCELLED,2025-04-15,2025-03-16,Crest Enterprises
ORD-49860,INV-2026-35885,4969.23,PARTIAL,2026-01-16,2025-12-17,Atlas Merchants
ORD-57933,INV-2026-63056,4482.75,PARTIAL,2026-03-04,2026-02-02,Cascade Imports
ORD-86272,INV-2026-99986,3571.16,SENT,2026-01-18,2025-12-19,Reliable Retail
ORD-63867,INV-2026-60154,4174.77,DRAFT,2026-06-12,2026-05-13,InnovateTech
ORD-27869,INV-2026-6662,1179.37,PAID,2026-06-06,2026-05-07,Polaris Retail
ORD-45178,INV-2026-17009,3178.70,OVERDUE,2026-01-14,2025-12-15,Zenith Group
ORD-55155,INV-2026-82090,3619.53,SENT,2025-09-01,2025-08-02,Acme Corp
ORD-16200,INV-2026-18100,965.33,SENT,2025-06-12,2025-05-13,Quantum Distribution
ORD-68995,INV-2026-13001,2041.97,OVERDUE,2025-12-15,2025-11-15,Quantum Distribution
ORD-38469,INV-2026-87778,3664.48,PARTIAL,2026-01-30,2025-12-31,Cascade Imports
ORD-21072,INV-2026-79556,3131.70,OVERDUE,2025-07-13,2025-06-13,Cascade Imports
ORD-18577,INV-2026-9658,390.12,SENT,2025-07-15,2025-06-15,Delta Commerce
ORD-11142,INV-2026-81677,4659.20,CANCELLED,2025-09-05,2025-08-06,Astra Corporation
ORD-17280,INV-2026-56269,4068.62,OVERDUE,2025-10-20,2025-09-20,PrimeSourcing
ORD-16221,INV-2026-84148,4758.44,PARTIAL,2025-05-30,2025-04-30,Astra Corporation
ORD-22246,INV-2026-66360,4604.86,PARTIAL,2025-10-09,2025-09-09,GlobalMart
ORD-15257,INV-2026-11196,248.60,DRAFT,2025-03-03,2025-02-01,Titan Trading
ORD-44394,INV-2026-52427,227.54,PAID,2025-08-09,2025-07-10,Atlas Merchants
ORD-16136,INV-2026-41807,2947.74,OVERDUE,2026-04-03,2026-03-04,Omega Brands
ORD-62494,INV-2026-94069,1764.67,DRAFT,2025-08-24,2025-07-25,Omega Brands
ORD-88272,INV-2026-47965,1092.27,PARTIAL,2025-08-04,2025-07-05,PrimeSourcing
ORD-70211,INV-2026-93539,3905.34,SENT,2025-08-06,2025-07-07,Astra Corporation
ORD-88698,INV-2026-2069,874.30,SENT,2025-08-04,2025-07-05,Elite Traders
ORD-45108,INV-2026-70311,2741.79,DRAFT,2026-06-18,2026-05-19,Helix Suppliers
ORD-63636,INV-2026-79455,4094.66,PARTIAL,2026-04-22,2026-03-23,Apex Ventures
ORD-70640,INV-2026-63012,3982.04,PAID,2025-12-16,2025-11-16,Reliable Retail
ORD-84944,INV-2026-47203,4814.86,SENT,2025-05-13,2025-04-13,Pinnacle Wholesale
ORD-65535,INV-2026-31937,3824.70,SENT,2025-11-29,2025-10-30,Metro Supplies
ORD-99618,INV-2026-31993,1332.89,PAID,2025-04-08,2025-03-09,GlobalMart
ORD-63242,INV-2026-5464,3648.99,PAID,2026-05-22,2026-04-22,Omega Brands
ORD-99220,INV-2026-16799,2812.18,SENT,2025-07-17,2025-06-17,Reliable Retail
ORD-94267,INV-2026-94542,1369.51,PAID,2025-11-23,2025-10-24,Pinnacle Wholesale
ORD-69519,INV-2026-88510,3992.85,CANCELLED,2025-12-08,2025-11-08,Vega Exports
ORD-56543,INV-2026-88143,2005.65,CANCELLED,2025-12-14,2025-11-14,Elite Traders
ORD-53066,INV-2026-11535,3513.26,SENT,2025-05-31,2025-05-01,Atlas Merchants
ORD-58231,INV-2026-61747,745.19,PARTIAL,2025-05-06,2025-04-06,Pinnacle Wholesale
ORD-27367,INV-2026-50733,3603.61,OVERDUE,2025-04-06,2025-03-07,Quantum Distribution
ORD-36605,INV-2026-76934,472.33,SENT,2025-06-12,2025-05-13,Delta Commerce
ORD-62850,INV-2026-37913,3332.47,DRAFT,2025-06-15,2025-05-16,Reliable Retail
ORD-88784,INV-2026-47084,1646.72,PAID,2025-06-30,2025-05-31,Horizon Wholesale
ORD-53916,INV-2026-95947,2876.94,DRAFT,2025-08-31,2025-08-01,Delta Commerce
ORD-32648,INV-2026-2375,4129.30,OVERDUE,2026-04-27,2026-03-28,Atlas Merchants
ORD-97452,INV-2026-29539,348.36,CANCELLED,2026-05-17,2026-04-17,Omega Brands
ORD-13459,INV-2026-32614,4272.04,CANCELLED,2025-09-06,2025-08-07,Pinnacle Wholesale
ORD-62472,INV-2026-74309,2005.92,DRAFT,2026-06-05,2026-05-06,Metro Supplies
ORD-37800,INV-2026-74815,622.98,CANCELLED,2025-04-30,2025-03-31,Helix Suppliers
ORD-96415,INV-2026-84960,2931.87,SENT,2025-07-11,2025-06-11,Vega Exports
ORD-99662,INV-2026-74981,4124.54,CANCELLED,2025-09-03,2025-08-04,Horizon Wholesale
ORD-52003,INV-2026-2724,2239.94,CANCELLED,2026-06-27,2026-05-28,Elite Traders
ORD-79759,INV-2026-84697,4699.72,PAID,2025-02-11,2025-01-12,Apex Ventures
ORD-14824,INV-2026-52276,2571.70,PAID,2025-05-07,2025-04-07,Titan Trading
ORD-21356,INV-2026-35750,2101.82,OVERDUE,2026-06-29,2026-05-30,Metro Supplies
ORD-61810,INV-2026-84178,2064.55,DRAFT,2026-05-26,2026-04-26,Cascade Imports
ORD-61468,INV-2026-22241,3390.83,PARTIAL,2025-07-31,2025-07-01,Elite Traders
ORD-40152,INV-2026-67243,4149.60,PAID,2025-11-02,2025-10-03,Phoenix Trade
ORD-57526,INV-2026-54678,4349.07,PAID,2025-04-26,2025-03-27,Polaris Retail
ORD-45199,INV-2026-78695,3032.56,PAID,2025-08-27,2025-07-28,Atlas Merchants
ORD-14584,INV-2026-10134,1515.46,OVERDUE,2025-09-05,2025-08-06,Quantum Distribution
ORD-81315,INV-2026-35289,1641.16,PAID,2026-01-07,2025-12-08,Vertex Solutions
ORD-10432,INV-2026-12699,669.31,SENT,2025-06-23,2025-05-24,GlobalMart
ORD-90880,INV-2026-91012,4008.85,PARTIAL,2026-06-29,2026-05-30,Elite Traders
ORD-83379,INV-2026-14124,1062.15,SENT,2025-03-26,2025-02-24,Apex Ventures
ORD-89513,INV-2026-33118,326.77,CANCELLED,2026-07-17,2026-06-17,Nova Distributors
ORD-40697,INV-2026-4119,4986.13,PARTIAL,2025-07-05,2025-06-05,Atlas Merchants
ORD-34291,INV-2026-20862,3575.65,SENT,2025-12-13,2025-11-13,Horizon Wholesale
ORD-19055,INV-2026-66510,2162.28,CANCELLED,2026-04-25,2026-03-26,TechStart Inc
ORD-99088,INV-2026-53934,4360.43,SENT,2025-07-12,2025-06-12,Omega Brands
ORD-31578,INV-2026-50564,3552.08,OVERDUE,2025-11-23,2025-10-24,TechStart Inc
ORD-99611,INV-2026-3410,3347.85,CANCELLED,2026-06-07,2026-05-08,Sigma Networks
ORD-39017,INV-2026-43957,3469.48,PAID,2026-03-26,2026-02-24,NexGen Logistics
ORD-57886,INV-2026-88258,4154.23,PAID,2025-02-18,2025-01-19,Astra Corporation
ORD-25106,INV-2026-19496,499.22,PAID,2026-01-06,2025-12-07,Cascade Imports
ORD-34759,INV-2026-7789,634.92,PAID,2025-09-15,2025-08-16,Pinnacle Wholesale
ORD-99728,INV-2026-27022,2186.68,PAID,2026-03-05,2026-02-03,Orion Industries
ORD-86216,INV-2026-30183,2351.80,OVERDUE,2026-06-01,2026-05-02,Atlas Merchants
ORD-53025,INV-2026-57974,1527.29,DRAFT,2025-09-03,2025-08-04,Atlas Merchants
ORD-21312,INV-2026-36110,2599.35,SENT,2025-06-02,2025-05-03,GlobalMart
ORD-91207,INV-2026-96306,1338.81,PAID,2026-06-20,2026-05-21,NexGen Logistics
ORD-12465,INV-2026-46482,1906.15,SENT,2025-07-16,2025-06-16,InnovateTech
ORD-61989,INV-2026-97473,3699.36,CANCELLED,2025-12-29,2025-11-29,Horizon Wholesale
ORD-56110,INV-2026-42577,53.95,OVERDUE,2025-11-18,2025-10-19,Vertex Solutions
ORD-58154,INV-2026-2801,1795.58,CANCELLED,2025-09-01,2025-08-02,Astra Corporation
ORD-61355,INV-2026-8049,2339.78,SENT,2026-06-29,2026-05-30,Elite Traders
ORD-85789,INV-2026-76576,1036.55,CANCELLED,2025-07-03,2025-06-03,Vertex Solutions
ORD-79740,INV-2026-84134,4840.51,PARTIAL,2026-03-23,2026-02-21,Horizon Wholesale
ORD-60874,INV-2026-67248,2913.56,DRAFT,2025-05-11,2025-04-11,Acme Corp
ORD-62417,INV-2026-83893,3408.11,PARTIAL,2025-08-03,2025-07-04,Vega Exports
ORD-55152,INV-2026-38368,4777.51,PARTIAL,2025-08-19,2025-07-20,TechStart Inc
ORD-51158,INV-2026-23895,3318.20,PARTIAL,2026-04-11,2026-03-12,InnovateTech
ORD-43369,INV-2026-13530,2189.24,SENT,2026-05-01,2026-04-01,Acme Corp
ORD-70359,INV-2026-84621,851.24,PAID,2025-06-22,2025-05-23,Horizon Wholesale
ORD-13836,INV-2026-6908,4381.01,PARTIAL,2026-01-23,2025-12-24,TechStart Inc
ORD-34013,INV-2026-86174,3121.66,DRAFT,2026-04-29,2026-03-30,Crest Enterprises
ORD-90447,INV-2026-30726,3030.41,OVERDUE,2026-05-31,2026-05-01,Astra Corporation
ORD-83524,INV-2026-68187,4231.77,DRAFT,2025-10-26,2025-09-26,Vega Exports
ORD-58423,INV-2026-77768,546.48,PAID,2025-02-25,2025-01-26,Astra Corporation
ORD-57026,INV-2026-35765,894.76,PAID,2026-05-03,2026-04-03,Vega Exports
ORD-47038,INV-2026-83966,268.02,DRAFT,2025-12-11,2025-11-11,Sigma Networks
ORD-23691,INV-2026-35115,81.42,CANCELLED,2026-07-15,2026-06-15,Delta Commerce
ORD-73958,INV-2026-76547,3809.02,DRAFT,2025-12-28,2025-11-28,Polaris Retail
ORD-62505,INV-2026-80937,2964.48,SENT,2025-06-17,2025-05-18,Crest Enterprises
ORD-25025,INV-2026-85646,1037.67,PARTIAL,2025-03-06,2025-02-04,Atlas Merchants
ORD-18266,INV-2026-53162,2795.64,PAID,2025-02-14,2025-01-15,Elite Traders
ORD-72611,INV-2026-53925,3463.64,SENT,2025-02-11,2025-01-12,Helix Suppliers
ORD-91669,INV-2026-91647,4889.84,CANCELLED,2025-12-14,2025-11-14,Sigma Networks
ORD-94033,INV-2026-79167,545.29,DRAFT,2025-12-18,2025-11-18,Atlas Merchants
ORD-85555,INV-2026-25375,3847.47,CANCELLED,2025-12-06,2025-11-06,PrimeSourcing
ORD-71245,INV-2026-50814,2477.15,OVERDUE,2025-11-11,2025-10-12,InnovateTech
ORD-66809,INV-2026-45056,1247.96,OVERDUE,2025-11-13,2025-10-14,Cascade Imports
ORD-63493,INV-2026-97335,1906.62,OVERDUE,2026-01-17,2025-12-18,Eclipse Logistics
ORD-64940,INV-2026-27997,3435.15,DRAFT,2026-02-21,2026-01-22,Elite Traders
ORD-41005,INV-2026-53044,386.92,PARTIAL,2025-05-27,2025-04-27,InnovateTech
ORD-63060,INV-2026-68885,1876.82,PAID,2025-06-21,2025-05-22,Elite Traders
ORD-19288,INV-2026-65777,632.46,CANCELLED,2026-06-20,2026-05-21,Elite Traders
ORD-74315,INV-2026-72780,861.49,OVERDUE,2025-10-11,2025-09-11,Pinnacle Wholesale
ORD-36741,INV-2026-23713,1657.00,DRAFT,2025-06-05,2025-05-06,Phoenix Trade
ORD-20732,INV-2026-4548,869.38,CANCELLED,2026-07-20,2026-06-20,Reliable Retail
ORD-25364,INV-2026-36118,2879.48,DRAFT,2025-11-03,2025-10-04,GlobalMart
ORD-16976,INV-2026-12119,494.24,SENT,2025-03-18,2025-02-16,Vertex Solutions
ORD-20704,INV-2026-85796,2294.13,PAID,2026-05-24,2026-04-24,Pinnacle Wholesale
ORD-83413,INV-2026-13221,4976.48,PARTIAL,2026-06-01,2026-05-02,Crest Enterprises
ORD-67172,INV-2026-13645,4970.51,PAID,2025-06-12,2025-05-13,Reliable Retail
ORD-75621,INV-2026-8404,971.19,DRAFT,2025-07-26,2025-06-26,Pinnacle Wholesale
ORD-52220,INV-2026-91894,2718.17,PAID,2026-06-04,2026-05-05,Astra Corporation
ORD-11146,INV-2026-67705,4843.98,PARTIAL,2026-06-25,2026-05-26,TechStart Inc
ORD-86633,INV-2026-24650,2333.65,PARTIAL,2026-02-06,2026-01-07,Delta Commerce
ORD-45287,INV-2026-96978,1005.73,PARTIAL,2025-11-22,2025-10-23,NexGen Logistics
ORD-53263,INV-2026-36980,933.40,PAID,2026-05-18,2026-04-18,TechStart Inc
ORD-32575,INV-2026-51616,3141.39,DRAFT,2025-12-23,2025-11-23,Eclipse Logistics
ORD-96719,INV-2026-39302,2022.50,OVERDUE,2025-06-14,2025-05-15,Cascade Imports
ORD-10196,INV-2026-64411,3886.76,SENT,2026-05-16,2026-04-16,PrimeSourcing
ORD-27241,INV-2026-99813,3880.30,PARTIAL,2025-05-29,2025-04-29,Astra Corporation
ORD-78581,INV-2026-85928,2216.49,DRAFT,2026-07-05,2026-06-05,Horizon Wholesale
ORD-63771,INV-2026-91739,1242.11,PAID,2025-11-10,2025-10-11,Apex Ventures
ORD-40222,INV-2026-77306,2225.36,PAID,2025-03-19,2025-02-17,Omega Brands
ORD-32595,INV-2026-75655,4473.18,DRAFT,2025-08-24,2025-07-25,Vega Exports
ORD-52228,INV-2026-52037,3517.25,CANCELLED,2026-06-28,2026-05-29,TechStart Inc
ORD-28142,INV-2026-74023,1550.63,DRAFT,2025-07-07,2025-06-07,Delta Commerce
ORD-77834,INV-2026-27236,2128.50,SENT,2026-02-22,2026-01-23,Omega Brands
ORD-46165,INV-2026-81995,4489.19,DRAFT,2025-11-27,2025-10-28,Vertex Solutions
ORD-70004,INV-2026-79573,323.39,PAID,2026-05-12,2026-04-12,Metro Supplies
ORD-20740,INV-2026-46379,1210.46,OVERDUE,2025-07-20,2025-06-20,Zenith Group
ORD-93624,INV-2026-3345,4190.68,OVERDUE,2025-02-21,2025-01-22,Horizon Wholesale
ORD-80761,INV-2026-17930,1283.18,CANCELLED,2025-06-30,2025-05-31,Acme Corp
ORD-99522,INV-2026-3133,118.26,PARTIAL,2025-07-26,2025-06-26,Nova Distributors
ORD-71943,INV-2026-71298,92.39,PARTIAL,2026-06-08,2026-05-09,Astra Corporation
ORD-82386,INV-2026-19208,3148.04,OVERDUE,2025-12-18,2025-11-18,Atlas Merchants
ORD-51093,INV-2026-27546,73.59,SENT,2025-07-02,2025-06-02,NexGen Logistics
ORD-32287,INV-2026-16852,682.53,CANCELLED,2025-05-16,2025-04-16,Zenith Group
ORD-91714,INV-2026-3736,1063.75,PAID,2025-09-10,2025-08-11,Helix Suppliers
ORD-32875,INV-2026-94964,4486.32,SENT,2025-07-20,2025-06-20,Sigma Networks
ORD-28826,INV-2026-30556,1559.60,SENT,2025-11-01,2025-10-02,GlobalMart
ORD-61372,INV-2026-8589,2602.97,CANCELLED,2026-07-22,2026-06-22,Cascade Imports
ORD-94446,INV-2026-88489,453.32,CANCELLED,2025-11-04,2025-10-05,Omega Brands
ORD-97735,INV-2026-22856,4954.41,SENT,2025-09-07,2025-08-08,Titan Trading
ORD-35107,INV-2026-17633,923.45,PARTIAL,2025-12-05,2025-11-05,Orion Industries
ORD-61798,INV-2026-16658,3028.51,CANCELLED,2026-05-01,2026-04-01,GlobalMart
ORD-15950,INV-2026-67626,3550.70,CANCELLED,2026-03-16,2026-02-14,Reliable Retail
ORD-29229,INV-2026-15539,1237.44,SENT,2026-05-02,2026-04-02,Cascade Imports
ORD-51681,INV-2026-94805,4727.56,SENT,2025-04-23,2025-03-24,Helix Suppliers
ORD-44073,INV-2026-46185,3326.95,PAID,2025-10-21,2025-09-21,Delta Commerce
ORD-27200,INV-2026-21228,2416.48,PARTIAL,2025-03-24,2025-02-22,Phoenix Trade
ORD-44620,INV-2026-68623,4545.26,PARTIAL,2026-06-19,2026-05-20,Vertex Solutions
ORD-44520,INV-2026-34324,868.23,SENT,2026-01-17,2025-12-18,Nova Distributors
ORD-99509,INV-2026-60302,1043.17,SENT,2026-06-18,2026-05-19,Pinnacle Wholesale
ORD-77516,INV-2026-48807,3256.37,CANCELLED,2025-09-05,2025-08-06,Vertex Solutions
ORD-67402,INV-2026-36235,4240.72,SENT,2025-03-23,2025-02-21,Helix Suppliers
ORD-16843,INV-2026-53449,3310.78,PARTIAL,2025-10-10,2025-09-10,Acme Corp
ORD-93762,INV-2026-60588,2463.18,OVERDUE,2026-02-25,2026-01-26,Sigma Networks
ORD-57635,INV-2026-67551,1810.86,CANCELLED,2026-04-28,2026-03-29,Horizon Wholesale
ORD-73769,INV-2026-13271,3649.61,PARTIAL,2025-12-21,2025-11-21,Delta Commerce
ORD-40719,INV-2026-30659,1201.43,SENT,2026-06-28,2026-05-29,Reliable Retail
ORD-75380,INV-2026-78309,4834.15,SENT,2025-10-10,2025-09-10,Omega Brands
ORD-87610,INV-2026-39144,3917.58,DRAFT,2025-12-31,2025-12-01,Orion Industries
ORD-87875,INV-2026-96866,1482.75,OVERDUE,2026-02-23,2026-01-24,Helix Suppliers
ORD-23730,INV-2026-81205,885.41,PARTIAL,2026-07-22,2026-06-22,InnovateTech
ORD-30105,INV-2026-98404,3398.84,DRAFT,2026-05-18,2026-04-18,Nova Distributors
ORD-92835,INV-2026-53535,815.99,CANCELLED,2025-03-08,2025-02-06,Horizon Wholesale
ORD-85291,INV-2026-81438,1798.21,SENT,2025-10-26,2025-09-26,Titan Trading
ORD-27410,INV-2026-99876,2300.02,OVERDUE,2025-05-29,2025-04-29,Phoenix Trade
ORD-68965,INV-2026-94930,1264.97,OVERDUE,2025-07-04,2025-06-04,TechStart Inc
ORD-20337,INV-2026-63378,4262.89,PARTIAL,2025-02-23,2025-01-24,GlobalMart
ORD-24724,INV-2026-59485,1639.84,PAID,2026-01-06,2025-12-07,Polaris Retail
ORD-61308,INV-2026-60594,2325.14,PAID,2026-06-06,2026-05-07,Quantum Distribution
ORD-58283,INV-2026-15664,263.52,OVERDUE,2026-05-10,2026-04-10,Polaris Retail
ORD-49802,INV-2026-39940,1339.09,CANCELLED,2026-07-05,2026-06-05,Crest Enterprises
ORD-15564,INV-2026-93963,2480.23,DRAFT,2026-03-15,2026-02-13,Sigma Networks
ORD-92298,INV-2026-65443,2620.86,PARTIAL,2026-07-12,2026-06-12,TechStart Inc
ORD-40807,INV-2026-3378,4059.97,PAID,2025-06-18,2025-05-19,Quantum Distribution
ORD-98409,INV-2026-89655,3665.66,DRAFT,2025-09-07,2025-08-08,Quantum Distribution
ORD-49668,INV-2026-16815,4496.61,OVERDUE,2025-06-03,2025-05-04,Helix Suppliers
ORD-51962,INV-2026-93649,1599.25,PARTIAL,2025-02-18,2025-01-19,Vertex Solutions
ORD-35686,INV-2026-81875,3145.66,DRAFT,2025-09-23,2025-08-24,Vega Exports
ORD-11280,INV-2026-25952,3769.94,PAID,2025-08-29,2025-07-30,InnovateTech
ORD-42674,INV-2026-58805,3691.50,DRAFT,2025-07-04,2025-06-04,Cascade Imports
ORD-84867,INV-2026-49384,3990.18,DRAFT,2025-11-04,2025-10-05,Omega Brands
ORD-77483,INV-2026-83175,4297.88,PARTIAL,2025-05-21,2025-04-21,Helix Suppliers
ORD-90798,INV-2026-71925,2518.27,PAID,2026-05-19,2026-04-19,Quantum Distribution
ORD-28104,INV-2026-91990,928.20,CANCELLED,2025-06-16,2025-05-17,Phoenix Trade
ORD-73042,INV-2026-69836,243.02,CANCELLED,2025-06-26,2025-05-27,Cascade Imports
ORD-78411,INV-2026-31839,4418.61,PARTIAL,2026-03-12,2026-02-10,Reliable Retail
ORD-85753,INV-2026-13339,3163.92,OVERDUE,2025-08-01,2025-07-02,Acme Corp
ORD-46232,INV-2026-57212,4160.90,CANCELLED,2026-03-31,2026-03-01,Cascade Imports
ORD-35758,INV-2026-6283,3853.48,CANCELLED,2025-04-06,2025-03-07,Phoenix Trade
ORD-60791,INV-2026-76864,383.64,CANCELLED,2025-10-21,2025-09-21,Omega Brands
ORD-61501,INV-2026-63872,243.38,PARTIAL,2026-02-23,2026-01-24,Polaris Retail
ORD-90258,INV-2026-71490,3761.43,PAID,2025-11-06,2025-10-07,Eclipse Logistics
ORD-45924,INV-2026-77887,368.08,CANCELLED,2026-01-25,2025-12-26,GlobalMart
ORD-15541,INV-2026-14866,1748.09,PARTIAL,2025-07-20,2025-06-20,Delta Commerce
ORD-32975,INV-2026-43326,1704.49,OVERDUE,2025-09-22,2025-08-23,Acme Corp
ORD-23431,INV-2026-67073,3747.12,CANCELLED,2026-06-21,2026-05-22,PrimeSourcing
ORD-54231,INV-2026-66950,1542.05,SENT,2025-02-16,2025-01-17,PrimeSourcing
ORD-31150,INV-2026-84971,3672.06,SENT,2026-06-11,2026-05-12,Polaris Retail
ORD-58802,INV-2026-21739,617.46,PAID,2025-07-22,2025-06-22,Sigma Networks
ORD-97396,INV-2026-20292,1244.85,DRAFT,2025-10-30,2025-09-30,Quantum Distribution
ORD-47641,INV-2026-9885,3654.77,OVERDUE,2025-09-27,2025-08-28,Omega Brands
ORD-30799,INV-2026-55781,2336.96,PAID,2026-04-25,2026-03-26,PrimeSourcing
ORD-70964,INV-2026-58770,2357.48,PARTIAL,2026-07-06,2026-06-06,Polaris Retail
ORD-46059,INV-2026-54397,181.50,SENT,2025-12-05,2025-11-05,Zenith Group
ORD-53432,INV-2026-84678,4536.72,PAID,2025-04-03,2025-03-04,Nova Distributors
ORD-59936,INV-2026-71547,1199.72,PARTIAL,2026-04-23,2026-03-24,Vertex Solutions
ORD-92012,INV-2026-79048,2544.63,DRAFT,2026-04-13,2026-03-14,Polaris Retail
ORD-48048,INV-2026-53500,3953.75,CANCELLED,2025-06-08,2025-05-09,Crest Enterprises
ORD-22236,INV-2026-66208,2427.42,SENT,2026-03-05,2026-02-03,Helix Suppliers
ORD-12548,INV-2026-43681,1245.09,CANCELLED,2025-02-02,2025-01-03,Cascade Imports
ORD-81266,INV-2026-9437,472.69,DRAFT,2025-02-23,2025-01-24,TechStart Inc
ORD-73194,INV-2026-93131,2380.90,SENT,2025-05-30,2025-04-30,Eclipse Logistics
ORD-77949,INV-2026-21509,3675.62,SENT,2026-06-03,2026-05-04,Atlas Merchants
ORD-42786,INV-2026-10266,2954.83,OVERDUE,2025-03-20,2025-02-18,Reliable Retail
ORD-34041,INV-2026-25375,1622.70,PARTIAL,2026-07-12,2026-06-12,GlobalMart
ORD-91853,INV-2026-27065,1192.87,PARTIAL,2025-07-03,2025-06-03,NexGen Logistics
ORD-72225,INV-2026-34842,3259.89,PAID,2025-10-29,2025-09-29,Titan Trading
ORD-55877,INV-2026-96220,4842.01,PAID,2026-06-08,2026-05-09,NexGen Logistics
ORD-68155,INV-2026-68986,4572.55,PARTIAL,2025-07-28,2025-06-28,Elite Traders
ORD-47052,INV-2026-58406,4091.41,PARTIAL,2026-05-16,2026-04-16,Cascade Imports
ORD-19938,INV-2026-60716,1593.46,OVERDUE,2026-03-08,2026-02-06,Omega Brands
ORD-60788,INV-2026-59897,2863.83,CANCELLED,2025-10-25,2025-09-25,PrimeSourcing
ORD-10752,INV-2026-90264,3870.60,DRAFT,2025-09-11,2025-08-12,Sigma Networks
ORD-66239,INV-2026-80859,4869.62,SENT,2025-08-14,2025-07-15,Delta Commerce
ORD-59261,INV-2026-12193,4119.84,SENT,2025-12-21,2025-11-21,Astra Corporation
ORD-89308,INV-2026-27778,4564.27,CANCELLED,2026-06-19,2026-05-20,Vega Exports
ORD-74716,INV-2026-74888,193.95,DRAFT,2025-07-31,2025-07-01,Vega Exports
ORD-20053,INV-2026-24092,4734.98,SENT,2026-03-22,2026-02-20,Reliable Retail
ORD-51427,INV-2026-94672,3949.62,DRAFT,2026-02-09,2026-01-10,Orion Industries
ORD-72685,INV-2026-10825,216.33,OVERDUE,2025-07-25,2025-06-25,NexGen Logistics
ORD-52550,INV-2026-97483,555.72,SENT,2025-08-15,2025-07-16,Metro Supplies
ORD-64957,INV-2026-18109,3995.09,CANCELLED,2025-11-22,2025-10-23,Elite Traders
ORD-40122,INV-2026-64868,3378.62,CANCELLED,2025-08-07,2025-07-08,Horizon Wholesale
ORD-75542,INV-2026-34310,188.91,DRAFT,2025-07-21,2025-06-21,Apex Ventures
ORD-27386,INV-2026-8650,263.49,SENT,2025-08-09,2025-07-10,TechStart Inc
ORD-83729,INV-2026-10118,2727.23,CANCELLED,2025-05-31,2025-05-01,PrimeSourcing
ORD-48224,INV-2026-64107,4575.61,OVERDUE,2026-04-04,2026-03-05,Orion Industries
ORD-96636,INV-2026-62143,2589.71,DRAFT,2025-08-16,2025-07-17,InnovateTech
ORD-74250,INV-2026-23215,3003.86,PAID,2025-03-23,2025-02-21,Nova Distributors
ORD-89875,INV-2026-29318,4383.99,OVERDUE,2026-01-24,2025-12-25,GlobalMart
ORD-37933,INV-2026-64813,2108.56,PARTIAL,2025-10-22,2025-09-22,Vega Exports
ORD-24723,INV-2026-40724,3697.05,DRAFT,2026-02-24,2026-01-25,Sigma Networks
ORD-83840,INV-2026-81570,4297.78,DRAFT,2025-11-24,2025-10-25,Eclipse Logistics
ORD-52773,INV-2026-9950,3137.06,DRAFT,2026-07-05,2026-06-05,Astra Corporation
ORD-45627,INV-2026-82470,3759.09,PAID,2025-10-13,2025-09-13,Vertex Solutions
ORD-77218,INV-2026-45037,501.37,CANCELLED,2025-10-26,2025-09-26,TechStart Inc
ORD-58917,INV-2026-53840,2720.86,PARTIAL,2026-01-21,2025-12-22,Atlas Merchants
ORD-86278,INV-2026-29063,3485.35,DRAFT,2025-05-12,2025-04-12,TechStart Inc
ORD-70528,INV-2026-48654,4329.57,CANCELLED,2026-05-09,2026-04-09,Polaris Retail
ORD-89740,INV-2026-81897,2395.53,SENT,2026-01-13,2025-12-14,Sigma Networks
ORD-96312,INV-2026-93646,1638.37,SENT,2025-07-28,2025-06-28,Metro Supplies
ORD-90871,INV-2026-33570,4477.32,DRAFT,2025-07-10,2025-06-10,Horizon Wholesale
ORD-34202,INV-2026-63247,885.27,PAID,2025-11-19,2025-10-20,Titan Trading
ORD-84724,INV-2026-48936,4649.86,PARTIAL,2025-02-12,2025-01-13,Quantum Distribution
ORD-99253,INV-2026-2751,2292.02,PAID,2025-06-15,2025-05-16,Metro Supplies
ORD-42946,INV-2026-57091,2373.60,OVERDUE,2025-07-02,2025-06-02,Quantum Distribution
ORD-91098,INV-2026-50173,2236.57,OVERDUE,2026-07-17,2026-06-17,Reliable Retail
ORD-83863,INV-2026-2433,4801.05,PAID,2025-04-23,2025-03-24,Orion Industries
ORD-36419,INV-2026-72234,72.16,OVERDUE,2025-08-04,2025-07-05,Zenith Group
ORD-73285,INV-2026-82463,4614.19,DRAFT,2025-03-11,2025-02-09,Delta Commerce
ORD-37344,INV-2026-62177,3615.25,SENT,2025-05-25,2025-04-25,Sigma Networks
ORD-61140,INV-2026-36942,2687.40,SENT,2026-03-16,2026-02-14,GlobalMart
ORD-47448,INV-2026-84154,3355.80,PAID,2025-12-07,2025-11-07,Pinnacle Wholesale
ORD-13326,INV-2026-89975,3603.27,CANCELLED,2025-04-22,2025-03-23,Cascade Imports
ORD-90143,INV-2026-48456,1942.53,DRAFT,2025-12-29,2025-11-29,Astra Corporation
ORD-78496,INV-2026-37801,2824.00,DRAFT,2025-11-04,2025-10-05,Crest Enterprises
ORD-33540,INV-2026-17617,2711.83,PAID,2026-03-18,2026-02-16,TechStart Inc
ORD-27532,INV-2026-18672,4195.16,SENT,2026-01-31,2026-01-01,Horizon Wholesale
ORD-18393,INV-2026-11748,3332.71,PAID,2026-07-08,2026-06-08,Atlas Merchants
ORD-63232,INV-2026-25822,2106.84,SENT,2025-03-19,2025-02-17,Apex Ventures
ORD-80632,INV-2026-34185,1988.74,DRAFT,2026-05-31,2026-05-01,Acme Corp
ORD-96653,INV-2026-35453,1182.86,PARTIAL,2025-05-18,2025-04-18,Sigma Networks
ORD-59097,INV-2026-80460,997.73,OVERDUE,2025-07-14,2025-06-14,Orion Industries
ORD-18576,INV-2026-5373,2728.54,PAID,2025-12-31,2025-12-01,Zenith Group
ORD-36343,INV-2026-85542,428.20,PAID,2026-05-03,2026-04-03,Titan Trading
ORD-87550,INV-2026-53044,564.74,SENT,2026-04-07,2026-03-08,Metro Supplies
ORD-16572,INV-2026-70149,2700.36,CANCELLED,2026-06-13,2026-05-14,Apex Ventures
ORD-53910,INV-2026-67274,4080.97,SENT,2026-05-30,2026-04-30,Crest Enterprises
ORD-88784,INV-2026-88380,2410.50,CANCELLED,2026-07-08,2026-06-08,Eclipse Logistics
ORD-20658,INV-2026-56817,3571.08,CANCELLED,2025-03-16,2025-02-14,Nova Distributors
ORD-63039,INV-2026-44257,436.35,CANCELLED,2026-07-04,2026-06-04,Omega Brands
ORD-68377,INV-2026-38464,3237.45,PARTIAL,2026-06-01,2026-05-02,Reliable Retail
ORD-33683,INV-2026-11944,2399.84,OVERDUE,2026-07-06,2026-06-06,Helix Suppliers
ORD-52328,INV-2026-39453,1624.33,PAID,2026-06-03,2026-05-04,Cascade Imports
ORD-99355,INV-2026-61574,165.57,DRAFT,2026-07-18,2026-06-18,Helix Suppliers
ORD-93587,INV-2026-45809,3701.26,CANCELLED,2026-07-04,2026-06-04,Titan Trading
ORD-35010,INV-2026-41902,2724.46,PAID,2026-03-31,2026-03-01,Elite Traders
ORD-40361,INV-2026-22840,4275.03,PARTIAL,2026-02-08,2026-01-09,Elite Traders
ORD-20787,INV-2026-10297,3643.81,PAID,2026-04-12,2026-03-13,Apex Ventures
ORD-29704,INV-2026-62968,2297.02,DRAFT,2026-01-18,2025-12-19,Eclipse Logistics
ORD-60176,INV-2026-22214,1979.22,CANCELLED,2025-04-24,2025-03-25,Omega Brands
ORD-17449,INV-2026-49162,672.63,CANCELLED,2025-07-03,2025-06-03,Acme Corp
ORD-15909,INV-2026-74172,1662.38,OVERDUE,2025-10-01,2025-09-01,Eclipse Logistics
ORD-23361,INV-2026-56360,3609.30,PAID,2026-03-25,2026-02-23,TechStart Inc
ORD-62392,INV-2026-90945,2039.07,PAID,2025-08-24,2025-07-25,Phoenix Trade
ORD-31057,INV-2026-32293,2450.02,PAID,2025-09-03,2025-08-04,Vega Exports
ORD-78251,INV-2026-27430,3642.15,SENT,2025-09-20,2025-08-21,Atlas Merchants
ORD-21652,INV-2026-35527,2928.15,PARTIAL,2025-07-08,2025-06-08,Apex Ventures
ORD-47437,INV-2026-68006,1657.24,CANCELLED,2025-07-18,2025-06-18,Vega Exports
ORD-92598,INV-2026-23787,3739.45,OVERDUE,2026-04-15,2026-03-16,Orion Industries
ORD-52188,INV-2026-28215,1330.51,CANCELLED,2026-05-05,2026-04-05,Cascade Imports
ORD-21490,INV-2026-5582,2858.61,DRAFT,2025-07-05,2025-06-05,Phoenix Trade
ORD-80376,INV-2026-11803,50.60,DRAFT,2025-08-29,2025-07-30,Horizon Wholesale
ORD-31994,INV-2026-98977,2119.76,OVERDUE,2025-05-03,2025-04-03,Delta Commerce
ORD-83495,INV-2026-2714,2565.24,CANCELLED,2026-03-22,2026-02-20,Vertex Solutions
ORD-43662,INV-2026-41427,3485.67,PARTIAL,2025-04-12,2025-03-13,Zenith Group
ORD-28827,INV-2026-65773,3489.17,OVERDUE,2026-01-19,2025-12-20,Acme Corp
ORD-29361,INV-2026-96982,3064.12,PAID,2025-07-15,2025-06-15,Apex Ventures
ORD-18182,INV-2026-12151,812.94,CANCELLED,2025-05-30,2025-04-30,Apex Ventures
ORD-36388,INV-2026-49290,1053.67,PAID,2025-07-10,2025-06-10,Sigma Networks
ORD-19572,INV-2026-78639,2346.78,OVERDUE,2026-03-10,2026-02-08,Cascade Imports
ORD-25237,INV-2026-50278,877.74,SENT,2025-08-13,2025-07-14,Reliable Retail
ORD-79536,INV-2026-4261,591.55,PARTIAL,2025-03-21,2025-02-19,Helix Suppliers
ORD-72181,INV-2026-90411,269.96,OVERDUE,2026-05-18,2026-04-18,Helix Suppliers
ORD-48493,INV-2026-41436,2011.40,CANCELLED,2025-09-14,2025-08-15,Elite Traders
ORD-83285,INV-2026-50185,1363.39,DRAFT,2026-06-14,2026-05-15,Astra Corporation
ORD-52393,INV-2026-2249,2306.05,SENT,2025-05-08,2025-04-08,Cascade Imports
ORD-27305,INV-2026-27861,1152.02,PAID,2025-09-19,2025-08-20,Pinnacle Wholesale
ORD-88452,INV-2026-66360,1917.71,DRAFT,2026-06-16,2026-05-17,Elite Traders
ORD-19372,INV-2026-84679,197.61,PARTIAL,2025-09-14,2025-08-15,Delta Commerce
ORD-55670,INV-2026-14708,1525.94,OVERDUE,2025-11-13,2025-10-14,Omega Brands
ORD-63523,INV-2026-92059,1953.28,PARTIAL,2025-08-10,2025-07-11,Cascade Imports
ORD-34851,INV-2026-80893,3604.74,PARTIAL,2025-08-16,2025-07-17,Atlas Merchants
ORD-27126,INV-2026-59360,2669.40,DRAFT,2025-07-13,2025-06-13,Vertex Solutions
ORD-78911,INV-2026-38993,3494.14,OVERDUE,2025-09-08,2025-08-09,Horizon Wholesale
ORD-57165,INV-2026-49021,4611.30,PARTIAL,2025-02-17,2025-01-18,GlobalMart
ORD-28502,INV-2026-9701,3305.68,PARTIAL,2025-04-23,2025-03-24,Pinnacle Wholesale
ORD-98702,INV-2026-78605,3588.70,PAID,2025-06-12,2025-05-13,Metro Supplies
ORD-35076,INV-2026-45155,2904.62,SENT,2025-02-07,2025-01-08,GlobalMart
ORD-85020,INV-2026-51808,1855.75,CANCELLED,2026-06-14,2026-05-15,TechStart Inc
ORD-54136,INV-2026-82730,4306.25,PAID,2026-02-04,2026-01-05,Titan Trading
ORD-96839,INV-2026-77992,2859.61,PAID,2025-12-17,2025-11-17,PrimeSourcing
ORD-19216,INV-2026-1592,727.29,PARTIAL,2025-08-28,2025-07-29,Vega Exports
ORD-81470,INV-2026-88323,2407.83,PARTIAL,2026-05-08,2026-04-08,GlobalMart
ORD-42360,INV-2026-98744,3194.06,DRAFT,2025-11-21,2025-10-22,PrimeSourcing
ORD-18741,INV-2026-19506,4783.23,DRAFT,2025-02-06,2025-01-07,TechStart Inc
ORD-47526,INV-2026-54378,2729.60,CANCELLED,2026-05-28,2026-04-28,Apex Ventures
ORD-28909,INV-2026-11598,250.19,DRAFT,2026-07-23,2026-06-23,Elite Traders
ORD-82250,INV-2026-57572,1602.90,SENT,2026-01-21,2025-12-22,Titan Trading
ORD-53404,INV-2026-93747,2195.61,PARTIAL,2026-07-14,2026-06-14,Zenith Group
ORD-28637,INV-2026-24961,868.71,DRAFT,2025-12-26,2025-11-26,Vertex Solutions
ORD-44901,INV-2026-38121,4041.66,OVERDUE,2025-05-01,2025-04-01,Acme Corp
ORD-55507,INV-2026-51168,2514.49,CANCELLED,2025-06-27,2025-05-28,Nova Distributors
ORD-38377,INV-2026-92487,4344.06,PARTIAL,2026-03-28,2026-02-26,Helix Suppliers
ORD-85154,INV-2026-5319,2354.85,DRAFT,2026-02-24,2026-01-25,Pinnacle Wholesale
ORD-99067,INV-2026-68679,3248.31,SENT,2025-10-04,2025-09-04,Metro Supplies
ORD-78742,INV-2026-96517,980.16,CANCELLED,2026-01-07,2025-12-08,GlobalMart
ORD-70570,INV-2026-48755,3196.60,DRAFT,2025-12-08,2025-11-08,Delta Commerce
ORD-73324,INV-2026-4041,247.12,CANCELLED,2025-08-19,2025-07-20,Polaris Retail
ORD-10955,INV-2026-91059,4748.32,OVERDUE,2025-06-12,2025-05-13,Delta Commerce
ORD-42592,INV-2026-23295,1841.62,SENT,2025-07-11,2025-06-11,Delta Commerce
ORD-50235,INV-2026-29310,2814.58,SENT,2026-03-11,2026-02-09,Helix Suppliers
ORD-31140,INV-2026-17711,1719.64,OVERDUE,2025-09-01,2025-08-02,Elite Traders
ORD-79401,INV-2026-28644,2304.53,PARTIAL,2025-06-20,2025-05-21,Horizon Wholesale
ORD-40394,INV-2026-1372,402.98,OVERDUE,2025-10-20,2025-09-20,Orion Industries
ORD-73274,INV-2026-48640,4640.84,DRAFT,2025-10-12,2025-09-12,Vega Exports
ORD-17365,INV-2026-79935,4890.38,PARTIAL,2025-11-29,2025-10-30,Horizon Wholesale
ORD-21152,INV-2026-71966,1611.07,SENT,2025-04-04,2025-03-05,Reliable Retail
ORD-86653,INV-2026-65879,570.35,DRAFT,2025-06-03,2025-05-04,Polaris Retail
ORD-12570,INV-2026-37208,3790.30,SENT,2025-09-11,2025-08-12,TechStart Inc
ORD-57653,INV-2026-6665,2940.36,DRAFT,2025-10-05,2025-09-05,Eclipse Logistics
ORD-43314,INV-2026-6377,3334.86,OVERDUE,2025-02-20,2025-01-21,TechStart Inc
ORD-79339,INV-2026-64011,4391.88,OVERDUE,2026-06-30,2026-05-31,Elite Traders
ORD-97418,INV-2026-70039,1991.85,PAID,2026-07-18,2026-06-18,Titan Trading
ORD-49738,INV-2026-21380,855.66,SENT,2026-05-21,2026-04-21,Delta Commerce
ORD-61137,INV-2026-69494,1790.75,PAID,2026-02-10,2026-01-11,Polaris Retail
ORD-66980,INV-2026-39437,1593.00,SENT,2025-07-29,2025-06-29,Sigma Networks
ORD-74709,INV-2026-45731,164.13,CANCELLED,2025-09-03,2025-08-04,PrimeSourcing
ORD-57128,INV-2026-18103,3554.54,OVERDUE,2025-12-16,2025-11-16,Nova Distributors
ORD-46610,INV-2026-19037,4297.64,SENT,2025-05-03,2025-04-03,Orion Industries
ORD-60512,INV-2026-8604,3084.91,PAID,2025-07-28,2025-06-28,Reliable Retail
ORD-76742,INV-2026-14410,4878.83,CANCELLED,2026-05-06,2026-04-06,GlobalMart
ORD-47715,INV-2026-24806,3746.25,PARTIAL,2025-09-15,2025-08-16,Titan Trading
ORD-51696,INV-2026-60839,4411.86,OVERDUE,2025-09-13,2025-08-14,InnovateTech
ORD-33175,INV-2026-34220,301.08,CANCELLED,2025-10-09,2025-09-09,Vega Exports
ORD-60233,INV-2026-94218,4828.30,OVERDUE,2025-06-30,2025-05-31,Helix Suppliers
ORD-40020,INV-2026-9911,4603.38,PAID,2026-01-25,2025-12-26,Reliable Retail
ORD-38585,INV-2026-96856,2361.45,PARTIAL,2025-12-01,2025-11-01,Cascade Imports
ORD-73323,INV-2026-62332,3268.38,SENT,2025-04-04,2025-03-05,Phoenix Trade
ORD-66941,INV-2026-42979,4883.58,PAID,2026-07-06,2026-06-06,PrimeSourcing
ORD-69511,INV-2026-57505,4956.80,PAID,2026-03-04,2026-02-02,Phoenix Trade
ORD-91529,INV-2026-77910,4938.97,PAID,2026-06-16,2026-05-17,Quantum Distribution
ORD-93278,INV-2026-4739,3219.24,PARTIAL,2026-06-18,2026-05-19,Helix Suppliers
ORD-76878,INV-2026-43034,4997.35,DRAFT,2025-11-01,2025-10-02,Titan Trading
ORD-98657,INV-2026-91942,4387.87,PAID,2025-06-09,2025-05-10,Crest Enterprises
ORD-78683,INV-2026-94159,1037.13,CANCELLED,2026-05-24,2026-04-24,Orion Industries
ORD-25002,INV-2026-82797,154.41,PAID,2025-02-24,2025-01-25,Metro Supplies
ORD-61882,INV-2026-11298,540.76,PARTIAL,2026-01-21,2025-12-22,Helix Suppliers
ORD-56275,INV-2026-48685,4026.03,DRAFT,2026-06-20,2026-05-21,Cascade Imports
ORD-49192,INV-2026-79008,3146.67,DRAFT,2026-07-18,2026-06-18,Zenith Group
ORD-89401,INV-2026-50955,4433.57,DRAFT,2026-02-16,2026-01-17,Omega Brands
ORD-79174,INV-2026-80714,186.19,OVERDUE,2025-04-14,2025-03-15,Astra Corporation
ORD-75902,INV-2026-58459,4177.66,CANCELLED,2026-05-13,2026-04-13,Horizon Wholesale
ORD-11027,INV-2026-11379,3659.70,OVERDUE,2026-07-04,2026-06-04,Reliable Retail
ORD-94113,INV-2026-16319,1812.81,OVERDUE,2025-07-22,2025-06-22,Atlas Merchants
ORD-44185,INV-2026-25394,348.30,DRAFT,2026-02-18,2026-01-19,Atlas Merchants
ORD-19064,INV-2026-13651,2048.71,OVERDUE,2026-04-03,2026-03-04,Nova Distributors
ORD-11376,INV-2026-45996,1365.03,PAID,2025-07-05,2025-06-05,Phoenix Trade
ORD-63144,INV-2026-73316,3946.83,PARTIAL,2025-04-09,2025-03-10,Nova Distributors
ORD-48976,INV-2026-94102,2265.14,CANCELLED,2025-02-01,2025-01-02,Polaris Retail
ORD-27169,INV-2026-88311,1274.05,OVERDUE,2025-05-18,2025-04-18,TechStart Inc
ORD-72107,INV-2026-33298,673.73,OVERDUE,2026-02-09,2026-01-10,Nova Distributors
ORD-28361,INV-2026-16784,4694.74,SENT,2025-03-08,2025-02-06,Vertex Solutions
ORD-36584,INV-2026-40230,2568.14,CANCELLED,2025-04-03,2025-03-04,Metro Supplies
ORD-63701,INV-2026-94431,1293.79,SENT,2025-04-24,2025-03-25,Delta Commerce
ORD-28045,INV-2026-11304,3698.82,PARTIAL,2025-11-13,2025-10-14,Eclipse Logistics
ORD-61786,INV-2026-28463,3865.77,DRAFT,2025-04-13,2025-03-14,Vega Exports
ORD-60630,INV-2026-96722,2301.71,DRAFT,2025-04-09,2025-03-10,Crest Enterprises
ORD-80432,INV-2026-65872,2695.96,SENT,2026-01-24,2025-12-25,Acme Corp
ORD-99467,INV-2026-42872,1539.50,PAID,2026-02-05,2026-01-06,Nova Distributors
ORD-34845,INV-2026-15319,2758.77,SENT,2025-05-08,2025-04-08,PrimeSourcing
ORD-57056,INV-2026-39312,4515.30,DRAFT,2026-06-26,2026-05-27,Reliable Retail
ORD-43542,INV-2026-14543,1218.02,PARTIAL,2025-02-21,2025-01-22,Cascade Imports
ORD-54829,INV-2026-37477,3477.79,OVERDUE,2026-03-28,2026-02-26,Pinnacle Wholesale
ORD-73280,INV-2026-15361,3266.33,PARTIAL,2026-02-28,2026-01-29,Polaris Retail
ORD-27025,INV-2026-83567,2957.14,SENT,2026-03-25,2026-02-23,Omega Brands
ORD-24502,INV-2026-25832,486.34,PAID,2025-09-27,2025-08-28,Helix Suppliers
ORD-90694,INV-2026-37890,2786.40,DRAFT,2026-05-25,2026-04-25,Eclipse Logistics
ORD-27531,INV-2026-3954,4101.34,OVERDUE,2025-10-14,2025-09-14,Astra Corporation
ORD-55446,INV-2026-88351,4960.10,PAID,2026-01-03,2025-12-04,Omega Brands
ORD-49494,INV-2026-8100,925.10,SENT,2026-04-30,2026-03-31,Astra Corporation
ORD-73368,INV-2026-50657,3445.34,SENT,2025-05-09,2025-04-09,Omega Brands
ORD-17127,INV-2026-56516,3799.83,OVERDUE,2025-06-09,2025-05-10,Metro Supplies
ORD-33178,INV-2026-59815,2973.61,PARTIAL,2025-11-17,2025-10-18,Pinnacle Wholesale
ORD-45521,INV-2026-46990,4449.74,DRAFT,2025-03-11,2025-02-09,Zenith Group
ORD-67678,INV-2026-65066,1520.80,SENT,2025-04-07,2025-03-08,Astra Corporation
ORD-11018,INV-2026-73964,1001.73,OVERDUE,2025-09-01,2025-08-02,Astra Corporation
ORD-46265,INV-2026-39699,1039.51,PARTIAL,2026-06-16,2026-05-17,InnovateTech
ORD-12541,INV-2026-90508,3367.69,PAID,2025-07-21,2025-06-21,Metro Supplies
ORD-68243,INV-2026-96281,4986.70,PAID,2025-08-08,2025-07-09,Vertex Solutions
ORD-40024,INV-2026-61319,4918.12,PAID,2025-09-03,2025-08-04,Polaris Retail
ORD-43828,INV-2026-75123,4273.50,SENT,2025-12-15,2025-11-15,Vega Exports
ORD-64971,INV-2026-69183,3112.49,CANCELLED,2025-08-17,2025-07-18,NexGen Logistics
ORD-31143,INV-2026-44579,4251.09,SENT,2026-01-10,2025-12-11,Acme Corp
ORD-34149,INV-2026-24848,2264.05,OVERDUE,2025-10-25,2025-09-25,Atlas Merchants
ORD-61844,INV-2026-84846,2916.62,SENT,2025-09-23,2025-08-24,Vega Exports
ORD-43396,INV-2026-65507,4377.96,SENT,2026-06-03,2026-05-04,Horizon Wholesale
ORD-11246,INV-2026-45498,2662.90,OVERDUE,2026-06-17,2026-05-18,Astra Corporation
ORD-53904,INV-2026-19400,855.14,DRAFT,2025-07-14,2025-06-14,Astra Corporation
ORD-15916,INV-2026-5397,3682.98,DRAFT,2025-07-03,2025-06-03,Reliable Retail
ORD-96734,INV-2026-37861,707.66,DRAFT,2025-08-11,2025-07-12,Quantum Distribution
ORD-98853,INV-2026-72433,2418.95,SENT,2025-12-05,2025-11-05,Apex Ventures
ORD-37550,INV-2026-48043,4186.41,DRAFT,2025-06-08,2025-05-09,InnovateTech
ORD-51139,INV-2026-87941,3651.49,SENT,2025-08-22,2025-07-23,Zenith Group
ORD-59490,INV-2026-55460,2850.88,PARTIAL,2025-08-12,2025-07-13,Orion Industries
ORD-54410,INV-2026-67552,1907.51,CANCELLED,2025-12-08,2025-11-08,Nova Distributors
ORD-19293,INV-2026-80397,2906.16,CANCELLED,2025-12-25,2025-11-25,Phoenix Trade
ORD-24970,INV-2026-29816,3563.22,PAID,2025-11-27,2025-10-28,Vertex Solutions
ORD-51313,INV-2026-96125,1637.66,PARTIAL,2025-07-15,2025-06-15,Nova Distributors
ORD-61101,INV-2026-66273,2511.75,OVERDUE,2025-12-19,2025-11-19,Crest Enterprises
ORD-50843,INV-2026-21468,2731.04,DRAFT,2026-06-30,2026-05-31,Atlas Merchants
ORD-81254,INV-2026-69858,3303.84,DRAFT,2026-03-14,2026-02-12,Orion Industries
ORD-62435,INV-2026-31091,1257.11,PAID,2025-08-08,2025-07-09,Vertex Solutions
ORD-77128,INV-2026-5546,3035.94,DRAFT,2026-01-13,2025-12-14,Pinnacle Wholesale
ORD-24733,INV-2026-50692,2577.71,PAID,2026-05-21,2026-04-21,Delta Commerce
ORD-10746,INV-2026-47692,3402.94,PAID,2025-05-27,2025-04-27,GlobalMart
ORD-98418,INV-2026-89533,1340.24,DRAFT,2026-04-14,2026-03-15,Apex Ventures
ORD-94279,INV-2026-36424,4937.91,OVERDUE,2026-01-27,2025-12-28,InnovateTech
ORD-33789,INV-2026-56583,2438.27,PARTIAL,2025-11-07,2025-10-08,Nova Distributors
ORD-12301,INV-2026-61034,1814.51,SENT,2026-01-22,2025-12-23,InnovateTech
ORD-36254,INV-2026-68305,1278.94,PAID,2026-03-30,2026-02-28,NexGen Logistics
ORD-84091,INV-2026-29333,1144.09,PARTIAL,2025-12-30,2025-11-30,Orion Industries
ORD-53347,INV-2026-15233,1706.55,CANCELLED,2025-07-07,2025-06-07,PrimeSourcing
ORD-38004,INV-2026-7909,2989.92,PAID,2026-06-13,2026-05-14,Zenith Group
ORD-14763,INV-2026-45845,2859.48,OVERDUE,2026-03-25,2026-02-23,Astra Corporation
ORD-57714,INV-2026-88817,3825.78,DRAFT,2025-07-21,2025-06-21,Pinnacle Wholesale
ORD-83998,INV-2026-72850,3432.83,SENT,2025-12-02,2025-11-02,Pinnacle Wholesale
ORD-22795,INV-2026-41928,1940.36,CANCELLED,2026-02-28,2026-01-29,Crest Enterprises
ORD-36829,INV-2026-67748,2956.06,PAID,2025-07-18,2025-06-18,Phoenix Trade
ORD-90626,INV-2026-14228,4046.82,PARTIAL,2025-09-17,2025-08-18,Cascade Imports
ORD-72054,INV-2026-28944,3780.03,PARTIAL,2025-07-13,2025-06-13,Nova Distributors
ORD-16251,INV-2026-69058,4675.17,DRAFT,2025-04-23,2025-03-24,Polaris Retail
ORD-61221,INV-2026-91230,3313.56,OVERDUE,2026-05-04,2026-04-04,Polaris Retail
ORD-44593,INV-2026-35550,3904.30,OVERDUE,2026-07-21,2026-06-21,Orion Industries
ORD-78911,INV-2026-60034,1037.07,DRAFT,2026-05-14,2026-04-14,GlobalMart
ORD-79716,INV-2026-12358,4879.54,OVERDUE,2025-10-17,2025-09-17,Pinnacle Wholesale
ORD-25026,INV-2026-87922,2765.43,SENT,2026-03-10,2026-02-08,Helix Suppliers
ORD-89013,INV-2026-66287,4713.24,PARTIAL,2025-04-25,2025-03-26,Vega Exports
ORD-71202,INV-2026-90983,331.53,DRAFT,2026-01-17,2025-12-18,Quantum Distribution
ORD-84906,INV-2026-73889,3382.68,PAID,2025-02-21,2025-01-22,Apex Ventures
ORD-45634,INV-2026-11124,2909.44,CANCELLED,2025-12-03,2025-11-03,Polaris Retail
ORD-88849,INV-2026-71019,3182.76,PARTIAL,2025-06-04,2025-05-05,Phoenix Trade
ORD-26011,INV-2026-64050,1478.86,OVERDUE,2025-04-22,2025-03-23,Elite Traders
ORD-27175,INV-2026-19593,4475.31,PAID,2025-03-01,2025-01-30,Elite Traders
ORD-56907,INV-2026-11731,4927.88,SENT,2026-07-21,2026-06-21,Titan Trading
ORD-53131,INV-2026-66726,2850.27,SENT,2026-05-17,2026-04-17,Acme Corp
ORD-83346,INV-2026-16108,294.80,SENT,2026-01-19,2025-12-20,Delta Commerce
ORD-99586,INV-2026-37187,1157.71,DRAFT,2025-05-30,2025-04-30,TechStart Inc
ORD-13877,INV-2026-41814,3247.62,CANCELLED,2025-08-02,2025-07-03,Pinnacle Wholesale
ORD-62693,INV-2026-5784,4178.95,DRAFT,2025-07-04,2025-06-04,Omega Brands
ORD-92141,INV-2026-48024,1334.80,PARTIAL,2026-05-14,2026-04-14,Horizon Wholesale
ORD-33421,INV-2026-53474,3884.61,SENT,2025-05-13,2025-04-13,Atlas Merchants
ORD-53902,INV-2026-7892,2584.34,DRAFT,2026-04-21,2026-03-22,Orion Industries
ORD-67980,INV-2026-7918,1379.35,PARTIAL,2025-06-12,2025-05-13,Astra Corporation
ORD-85778,INV-2026-48059,4136.15,OVERDUE,2025-02-18,2025-01-19,Reliable Retail
ORD-52231,INV-2026-37529,3370.23,OVERDUE,2025-11-04,2025-10-05,PrimeSourcing
ORD-95606,INV-2026-70237,835.81,PAID,2026-06-27,2026-05-28,Pinnacle Wholesale
ORD-79834,INV-2026-66893,4557.38,OVERDUE,2025-04-21,2025-03-22,Omega Brands
ORD-64876,INV-2026-38038,4831.87,CANCELLED,2025-11-16,2025-10-17,GlobalMart
ORD-33032,INV-2026-11548,785.65,PAID,2026-02-23,2026-01-24,TechStart Inc
ORD-55897,INV-2026-79938,4480.21,SENT,2026-06-26,2026-05-27,TechStart Inc
ORD-61363,INV-2026-20164,2346.06,SENT,2026-01-08,2025-12-09,PrimeSourcing
ORD-61295,INV-2026-36437,3574.55,SENT,2026-02-25,2026-01-26,GlobalMart
ORD-24533,INV-2026-33215,4238.24,CANCELLED,2026-05-31,2026-05-01,TechStart Inc
ORD-51985,INV-2026-62510,558.06,OVERDUE,2025-07-15,2025-06-15,Eclipse Logistics
ORD-91342,INV-2026-67441,1436.93,PARTIAL,2026-02-17,2026-01-18,Cascade Imports
ORD-49629,INV-2026-67030,2489.79,DRAFT,2025-03-25,2025-02-23,Crest Enterprises
ORD-66443,INV-2026-34419,2088.70,PAID,2026-02-19,2026-01-20,Crest Enterprises
ORD-89938,INV-2026-37640,2596.58,CANCELLED,2026-01-26,2025-12-27,Zenith Group
ORD-15785,INV-2026-17040,2201.41,OVERDUE,2026-06-30,2026-05-31,Metro Supplies
ORD-82600,INV-2026-55219,2299.87,OVERDUE,2026-07-24,2026-06-24,Nova Distributors
ORD-53638,INV-2026-31253,3679.91,PAID,2026-05-07,2026-04-07,Helix Suppliers
ORD-54051,INV-2026-29229,3085.13,DRAFT,2025-09-20,2025-08-21,Atlas Merchants
ORD-61215,INV-2026-10938,4378.78,CANCELLED,2025-09-01,2025-08-02,PrimeSourcing
ORD-59554,INV-2026-96882,156.88,CANCELLED,2026-03-13,2026-02-11,InnovateTech
ORD-92887,INV-2026-49646,3620.88,PARTIAL,2025-11-19,2025-10-20,PrimeSourcing
ORD-34808,INV-2026-52505,2698.54,OVERDUE,2026-07-22,2026-06-22,Acme Corp
ORD-98411,INV-2026-29651,2287.97,OVERDUE,2025-04-15,2025-03-16,Omega Brands
ORD-66794,INV-2026-43197,2713.86,CANCELLED,2025-02-21,2025-01-22,Delta Commerce
ORD-47342,INV-2026-53854,3925.46,PARTIAL,2025-06-30,2025-05-31,TechStart Inc
ORD-42943,INV-2026-55235,1722.34,PAID,2026-02-21,2026-01-22,Metro Supplies
ORD-66898,INV-2026-52096,1144.36,OVERDUE,2025-09-02,2025-08-03,Zenith Group
ORD-35562,INV-2026-93540,2781.84,DRAFT,2025-09-01,2025-08-02,Cascade Imports
ORD-91135,INV-2026-19738,3991.59,SENT,2025-07-30,2025-06-30,Reliable Retail
ORD-17617,INV-2026-38246,4841.94,SENT,2025-05-10,2025-04-10,TechStart Inc
ORD-40265,INV-2026-65498,2992.62,CANCELLED,2025-08-09,2025-07-10,Horizon Wholesale
ORD-14019,INV-2026-40615,3231.24,OVERDUE,2025-09-08,2025-08-09,Sigma Networks
ORD-16022,INV-2026-13126,913.44,SENT,2026-01-09,2025-12-10,Helix Suppliers
ORD-68635,INV-2026-92960,2865.94,PARTIAL,2025-09-10,2025-08-11,Astra Corporation
ORD-74791,INV-2026-83549,2382.20,PARTIAL,2026-01-21,2025-12-22,Nova Distributors
ORD-10896,INV-2026-11591,934.70,SENT,2025-06-12,2025-05-13,Nova Distributors
ORD-30285,INV-2026-4153,386.24,SENT,2026-04-30,2026-03-31,Acme Corp
ORD-47461,INV-2026-43087,4422.81,PAID,2025-02-07,2025-01-08,Titan Trading
ORD-82394,INV-2026-43185,294.33,PARTIAL,2026-05-29,2026-04-29,Polaris Retail
ORD-48889,INV-2026-79895,3210.63,DRAFT,2025-09-19,2025-08-20,Nova Distributors
ORD-30370,INV-2026-71589,715.76,OVERDUE,2026-04-08,2026-03-09,Astra Corporation
ORD-50913,INV-2026-82685,1235.73,SENT,2026-04-19,2026-03-20,Omega Brands
ORD-39394,INV-2026-12475,1231.00,DRAFT,2025-02-19,2025-01-20,Polaris Retail
ORD-99809,INV-2026-29587,4701.32,CANCELLED,2025-08-21,2025-07-22,Eclipse Logistics
ORD-40824,INV-2026-57847,3760.30,PARTIAL,2025-08-22,2025-07-23,Polaris Retail
ORD-63029,INV-2026-10195,1530.92,DRAFT,2025-11-17,2025-10-18,Sigma Networks
ORD-98240,INV-2026-55270,428.90,PAID,2026-02-08,2026-01-09,Horizon Wholesale
ORD-65129,INV-2026-12433,4535.72,PARTIAL,2025-12-24,2025-11-24,Omega Brands
ORD-24114,INV-2026-67207,600.48,DRAFT,2025-02-11,2025-01-12,Zenith Group
ORD-89894,INV-2026-79954,1477.86,SENT,2025-08-07,2025-07-08,NexGen Logistics
ORD-40927,INV-2026-9322,3725.26,OVERDUE,2026-07-01,2026-06-01,Crest Enterprises
ORD-54950,INV-2026-94563,3398.94,CANCELLED,2025-09-03,2025-08-04,Atlas Merchants
ORD-95136,INV-2026-20292,257.43,DRAFT,2026-07-15,2026-06-15,Polaris Retail
ORD-19836,INV-2026-1941,2429.85,SENT,2025-07-01,2025-06-01,Astra Corporation
ORD-28569,INV-2026-86708,4479.74,PARTIAL,2026-06-24,2026-05-25,Elite Traders
ORD-67647,INV-2026-69004,1223.19,DRAFT,2025-05-03,2025-04-03,Nova Distributors
ORD-50498,INV-2026-36056,661.93,CANCELLED,2025-08-27,2025-07-28,Elite Traders
ORD-45313,INV-2026-33816,799.78,SENT,2026-06-12,2026-05-13,Elite Traders
ORD-28174,INV-2026-35959,3010.78,PAID,2025-05-05,2025-04-05,Vertex Solutions
ORD-75002,INV-2026-66689,1691.17,PAID,2026-06-01,2026-05-02,Astra Corporation
ORD-75459,INV-2026-6679,818.72,CANCELLED,2025-06-13,2025-05-14,Vega Exports
ORD-97863,INV-2026-84909,989.56,DRAFT,2025-04-08,2025-03-09,Apex Ventures
ORD-67563,INV-2026-9980,3005.99,DRAFT,2025-02-10,2025-01-11,Elite Traders
ORD-94047,INV-2026-32460,3707.79,OVERDUE,2025-07-29,2025-06-29,Cascade Imports
ORD-41435,INV-2026-41667,4506.35,DRAFT,2025-07-06,2025-06-06,Phoenix Trade
ORD-49428,INV-2026-19918,1773.58,PAID,2026-03-06,2026-02-04,Reliable Retail
ORD-23944,INV-2026-8338,4589.05,SENT,2026-04-09,2026-03-10,Eclipse Logistics
ORD-83446,INV-2026-39460,1443.99,DRAFT,2026-05-25,2026-04-25,Vertex Solutions
ORD-71344,INV-2026-57612,4177.93,CANCELLED,2026-03-31,2026-03-01,GlobalMart
ORD-71476,INV-2026-57051,3187.03,OVERDUE,2025-08-10,2025-07-11,Crest Enterprises
ORD-64662,INV-2026-17428,3633.20,DRAFT,2025-12-05,2025-11-05,NexGen Logistics
ORD-86901,INV-2026-65541,1866.47,PARTIAL,2025-05-01,2025-04-01,TechStart Inc
ORD-22253,INV-2026-91244,4831.22,PAID,2025-04-05,2025-03-06,TechStart Inc
ORD-13808,INV-2026-70089,3650.96,SENT,2026-01-18,2025-12-19,Cascade Imports
ORD-87634,INV-2026-84291,936.02,DRAFT,2026-03-03,2026-02-01,Apex Ventures
ORD-22672,INV-2026-16178,2419.81,CANCELLED,2025-07-14,2025-06-14,Phoenix Trade
ORD-52599,INV-2026-16580,1633.92,SENT,2026-07-02,2026-06-02,Vega Exports
ORD-13426,INV-2026-6512,1584.48,OVERDUE,2025-02-25,2025-01-26,Eclipse Logistics
ORD-57801,INV-2026-36953,2123.60,DRAFT,2026-02-17,2026-01-18,Eclipse Logistics
ORD-15646,INV-2026-67320,1537.82,PARTIAL,2026-01-08,2025-12-09,Titan Trading
ORD-21418,INV-2026-63223,3753.33,DRAFT,2025-10-23,2025-09-23,PrimeSourcing
ORD-16513,INV-2026-38069,2422.87,DRAFT,2026-07-21,2026-06-21,Eclipse Logistics
ORD-67673,INV-2026-74256,2738.01,OVERDUE,2026-01-05,2025-12-06,Cascade Imports
ORD-26630,INV-2026-51664,1160.54,SENT,2026-07-19,2026-06-19,Phoenix Trade
ORD-43334,INV-2026-39739,622.52,SENT,2025-08-15,2025-07-16,Metro Supplies
ORD-82351,INV-2026-86473,319.76,SENT,2025-04-16,2025-03-17,TechStart Inc
ORD-38285,INV-2026-63956,3753.61,DRAFT,2025-02-28,2025-01-29,PrimeSourcing
ORD-41287,INV-2026-29119,1622.41,SENT,2025-08-22,2025-07-23,Metro Supplies
ORD-13077,INV-2026-58231,910.92,PAID,2025-04-25,2025-03-26,Astra Corporation
ORD-58498,INV-2026-63044,4492.01,CANCELLED,2026-07-28,2026-06-28,Reliable Retail
ORD-31935,INV-2026-67520,4976.62,DRAFT,2025-10-28,2025-09-28,InnovateTech
ORD-59878,INV-2026-14096,1592.44,PAID,2025-11-13,2025-10-14,Quantum Distribution
ORD-49900,INV-2026-77664,4554.39,PARTIAL,2026-06-30,2026-05-31,Crest Enterprises
ORD-29822,INV-2026-41290,4132.16,PARTIAL,2025-12-19,2025-11-19,Delta Commerce
ORD-47532,INV-2026-86323,2132.55,PAID,2025-09-26,2025-08-27,Reliable Retail
ORD-40222,INV-2026-8399,1397.53,DRAFT,2025-09-10,2025-08-11,Horizon Wholesale
ORD-15779,INV-2026-88343,3342.09,PARTIAL,2026-01-13,2025-12-14,Omega Brands
ORD-20660,INV-2026-66651,635.55,PARTIAL,2026-07-10,2026-06-10,Apex Ventures
ORD-40959,INV-2026-45982,65.90,OVERDUE,2025-06-08,2025-05-09,Nova Distributors
ORD-29922,INV-2026-48274,4757.62,CANCELLED,2025-03-06,2025-02-04,Astra Corporation
ORD-88189,INV-2026-79247,1416.16,DRAFT,2025-10-15,2025-09-15,Helix Suppliers
ORD-41484,INV-2026-59094,4677.15,SENT,2025-09-06,2025-08-07,GlobalMart
ORD-33090,INV-2026-81597,4365.13,PARTIAL,2026-07-28,2026-06-28,Zenith Group
ORD-56248,INV-2026-45074,2044.74,CANCELLED,2026-01-15,2025-12-16,Phoenix Trade
ORD-96203,INV-2026-8771,4284.94,SENT,2025-02-09,2025-01-10,Atlas Merchants
ORD-79649,INV-2026-3364,1902.35,CANCELLED,2025-12-01,2025-11-01,Helix Suppliers
ORD-75002,INV-2026-89366,3392.75,PARTIAL,2025-07-06,2025-06-06,Delta Commerce
ORD-87863,INV-2026-49440,373.33,SENT,2025-11-13,2025-10-14,Zenith Group
ORD-52636,INV-2026-10963,2753.44,PARTIAL,2026-02-13,2026-01-14,Horizon Wholesale
ORD-87879,INV-2026-14030,1312.31,DRAFT,2025-07-21,2025-06-21,TechStart Inc
ORD-24986,INV-2026-96704,1363.54,PARTIAL,2026-05-10,2026-04-10,Crest Enterprises
ORD-76380,INV-2026-30598,1408.99,DRAFT,2026-05-06,2026-04-06,Eclipse Logistics
ORD-68303,INV-2026-10891,4017.79,PARTIAL,2026-04-07,2026-03-08,Atlas Merchants
ORD-17852,INV-2026-14106,3693.14,CANCELLED,2025-09-13,2025-08-14,Helix Suppliers
ORD-24389,INV-2026-58840,4035.46,PAID,2026-04-16,2026-03-17,Reliable Retail
ORD-32950,INV-2026-13495,1872.00,SENT,2025-10-04,2025-09-04,Phoenix Trade
ORD-90826,INV-2026-61841,4325.35,PAID,2025-08-25,2025-07-26,InnovateTech
ORD-74790,INV-2026-43905,699.80,CANCELLED,2026-02-19,2026-01-20,InnovateTech
ORD-34239,INV-2026-87620,834.89,DRAFT,2025-03-20,2025-02-18,TechStart Inc
ORD-27658,INV-2026-41997,2890.67,OVERDUE,2026-01-08,2025-12-09,Phoenix Trade
ORD-80741,INV-2026-11961,2688.56,PAID,2025-03-11,2025-02-09,Atlas Merchants
ORD-15913,INV-2026-25253,769.64,OVERDUE,2025-10-31,2025-10-01,Acme Corp
ORD-97946,INV-2026-70536,2976.92,PAID,2026-06-14,2026-05-15,Polaris Retail
ORD-77738,INV-2026-95700,1342.87,SENT,2025-09-22,2025-08-23,Apex Ventures
ORD-20625,INV-2026-83349,2828.06,PARTIAL,2025-03-10,2025-02-08,Polaris Retail
ORD-30983,INV-2026-57861,1588.42,DRAFT,2025-12-05,2025-11-05,Crest Enterprises
ORD-28282,INV-2026-70793,3560.07,PAID,2025-04-15,2025-03-16,Zenith Group
ORD-40477,INV-2026-93991,1428.26,PAID,2026-06-17,2026-05-18,Delta Commerce
ORD-95192,INV-2026-78524,4653.35,OVERDUE,2026-04-02,2026-03-03,Nova Distributors
ORD-36048,INV-2026-81958,3375.09,SENT,2025-02-05,2025-01-06,Apex Ventures
ORD-58326,INV-2026-11553,4187.12,PAID,2026-05-22,2026-04-22,Acme Corp
ORD-42900,INV-2026-47530,4343.95,SENT,2025-09-24,2025-08-25,Acme Corp
ORD-47938,INV-2026-29720,1288.23,PAID,2025-05-25,2025-04-25,Apex Ventures
ORD-84334,INV-2026-74708,4593.07,SENT,2026-03-05,2026-02-03,Vega Exports
ORD-71662,INV-2026-39367,1491.02,SENT,2026-06-19,2026-05-20,Cascade Imports
ORD-37036,INV-2026-15600,4874.57,PARTIAL,2025-02-11,2025-01-12,PrimeSourcing
ORD-89866,INV-2026-3764,1175.12,DRAFT,2025-03-23,2025-02-21,Omega Brands
ORD-23928,INV-2026-91057,3991.37,SENT,2025-05-03,2025-04-03,GlobalMart
ORD-25225,INV-2026-85265,1533.34,OVERDUE,2026-01-18,2025-12-19,Apex Ventures
ORD-84849,INV-2026-62367,2711.05,OVERDUE,2025-07-22,2025-06-22,GlobalMart
ORD-64567,INV-2026-29175,1299.13,PAID,2025-11-21,2025-10-22,Quantum Distribution
ORD-17779,INV-2026-44723,1105.71,PAID,2026-06-05,2026-05-06,Metro Supplies
ORD-56469,INV-2026-3759,3974.24,SENT,2025-09-22,2025-08-23,Omega Brands
ORD-29069,INV-2026-70237,3194.30,CANCELLED,2025-05-10,2025-04-10,Cascade Imports
ORD-61661,INV-2026-11509,1203.31,OVERDUE,2025-04-28,2025-03-29,Crest Enterprises
ORD-52872,INV-2026-90670,2601.24,DRAFT,2026-06-17,2026-05-18,Quantum Distribution
ORD-28812,INV-2026-64511,654.10,OVERDUE,2025-09-16,2025-08-17,Apex Ventures
ORD-54987,INV-2026-39563,755.36,PAID,2026-04-21,2026-03-22,Eclipse Logistics
ORD-78126,INV-2026-55277,1112.80,PARTIAL,2026-04-30,2026-03-31,NexGen Logistics
ORD-16890,INV-2026-28430,4788.67,SENT,2025-08-23,2025-07-24,Vega Exports
ORD-39218,INV-2026-21304,3772.88,OVERDUE,2025-04-03,2025-03-04,Elite Traders
ORD-89900,INV-2026-35286,1233.38,SENT,2026-06-03,2026-05-04,Polaris Retail
ORD-48338,INV-2026-4724,841.89,PAID,2026-01-17,2025-12-18,Omega Brands
ORD-52431,INV-2026-81882,943.76,PAID,2025-03-23,2025-02-21,NexGen Logistics
ORD-40884,INV-2026-95523,3646.77,DRAFT,2025-03-01,2025-01-30,Vega Exports
ORD-23031,INV-2026-67109,1803.61,PAID,2025-02-24,2025-01-25,Eclipse Logistics
ORD-52700,INV-2026-98816,3424.42,DRAFT,2025-10-17,2025-09-17,Quantum Distribution
ORD-96428,INV-2026-68659,2633.73,SENT,2026-05-31,2026-05-01,Quantum Distribution
ORD-73972,INV-2026-84331,3882.10,PAID,2025-03-19,2025-02-17,Crest Enterprises
ORD-85131,INV-2026-34975,3300.57,OVERDUE,2025-05-04,2025-04-04,Omega Brands
ORD-94063,INV-2026-9648,3623.84,SENT,2025-11-30,2025-10-31,Helix Suppliers
ORD-15005,INV-2026-54272,791.45,DRAFT,2025-11-18,2025-10-19,Orion Industries
ORD-22443,INV-2026-31456,1122.22,PAID,2026-04-24,2026-03-25,Reliable Retail
ORD-42407,INV-2026-62877,341.14,PAID,2025-12-26,2025-11-26,Apex Ventures
ORD-61214,INV-2026-26032,1489.42,CANCELLED,2025-06-02,2025-05-03,Horizon Wholesale
ORD-44752,INV-2026-16017,4280.96,PARTIAL,2026-01-27,2025-12-28,Delta Commerce
ORD-69560,INV-2026-88051,598.22,CANCELLED,2025-03-29,2025-02-27,Astra Corporation
ORD-68994,INV-2026-33992,2844.55,SENT,2025-08-12,2025-07-13,Nova Distributors
ORD-66200,INV-2026-55274,1835.15,CANCELLED,2026-02-09,2026-01-10,Polaris Retail
ORD-23773,INV-2026-84735,1332.09,CANCELLED,2025-01-31,2025-01-01,Vega Exports
ORD-33659,INV-2026-59693,1426.62,PARTIAL,2026-05-09,2026-04-09,Pinnacle Wholesale
ORD-58908,INV-2026-54934,1777.42,CANCELLED,2025-07-03,2025-06-03,Apex Ventures
ORD-12332,INV-2026-64942,2175.68,SENT,2025-09-20,2025-08-21,Sigma Networks
ORD-40219,INV-2026-55457,1477.93,SENT,2026-02-17,2026-01-18,Helix Suppliers
ORD-40225,INV-2026-65940,605.61,DRAFT,2025-11-26,2025-10-27,Zenith Group
ORD-41977,INV-2026-7951,2520.28,PARTIAL,2025-03-31,2025-03-01,Nova Distributors
ORD-53075,INV-2026-70526,1070.31,DRAFT,2025-10-21,2025-09-21,NexGen Logistics
ORD-80687,INV-2026-52451,1123.93,SENT,2025-04-08,2025-03-09,TechStart Inc
ORD-33215,INV-2026-53899,1826.92,PAID,2026-06-24,2026-05-25,Elite Traders
ORD-72529,INV-2026-35629,3430.77,CANCELLED,2025-08-23,2025-07-24,Zenith Group
ORD-61571,INV-2026-65290,1177.85,SENT,2025-05-12,2025-04-12,Zenith Group
ORD-12110,INV-2026-69196,1273.43,DRAFT,2025-07-20,2025-06-20,Cascade Imports
ORD-76528,INV-2026-78615,2307.67,PAID,2025-02-03,2025-01-04,Nova Distributors
ORD-37766,INV-2026-90923,2946.42,PAID,2026-03-07,2026-02-05,Pinnacle Wholesale
ORD-72318,INV-2026-79568,4688.18,PAID,2025-09-12,2025-08-13,Nova Distributors
ORD-54035,INV-2026-52060,860.94,DRAFT,2025-12-29,2025-11-29,Elite Traders
ORD-29602,INV-2026-93400,4023.57,SENT,2026-03-30,2026-02-28,Delta Commerce
ORD-20625,INV-2026-69889,2715.99,PARTIAL,2025-07-11,2025-06-11,Cascade Imports
ORD-63673,INV-2026-97287,2414.25,DRAFT,2025-09-01,2025-08-02,Orion Industries
ORD-18560,INV-2026-77446,506.65,OVERDUE,2026-04-25,2026-03-26,Quantum Distribution
ORD-34428,INV-2026-19667,645.69,PARTIAL,2026-05-14,2026-04-14,Atlas Merchants
ORD-68699,INV-2026-46706,2969.07,DRAFT,2025-12-02,2025-11-02,Pinnacle Wholesale
ORD-73771,INV-2026-63802,3698.35,DRAFT,2025-11-13,2025-10-14,Metro Supplies
ORD-39566,INV-2026-30340,4872.64,OVERDUE,2026-03-03,2026-02-01,Crest Enterprises
ORD-69817,INV-2026-79407,551.06,OVERDUE,2025-06-20,2025-05-21,Delta Commerce
ORD-62269,INV-2026-20709,3970.94,PAID,2025-10-08,2025-09-08,Crest Enterprises
ORD-63659,INV-2026-87312,4532.38,OVERDUE,2025-09-14,2025-08-15,TechStart Inc
ORD-15061,INV-2026-62040,2968.06,SENT,2025-08-31,2025-08-01,Polaris Retail
ORD-38330,INV-2026-84826,3868.27,PARTIAL,2025-04-19,2025-03-20,Sigma Networks
ORD-75551,INV-2026-65309,3786.16,PARTIAL,2026-02-08,2026-01-09,Phoenix Trade
ORD-64884,INV-2026-29967,3129.46,DRAFT,2025-05-22,2025-04-22,Vega Exports
ORD-69484,INV-2026-73629,4494.10,DRAFT,2026-02-28,2026-01-29,PrimeSourcing
ORD-60212,INV-2026-85241,4839.39,CANCELLED,2026-07-23,2026-06-23,Sigma Networks
ORD-67381,INV-2026-29819,1675.37,PARTIAL,2025-05-30,2025-04-30,Cascade Imports
ORD-16274,INV-2026-47303,4232.00,PARTIAL,2026-05-19,2026-04-19,Reliable Retail
ORD-49175,INV-2026-40334,3914.81,OVERDUE,2026-07-20,2026-06-20,Metro Supplies
ORD-10261,INV-2026-5828,3120.07,OVERDUE,2025-10-25,2025-09-25,Delta Commerce
ORD-97264,INV-2026-78644,860.29,SENT,2026-03-15,2026-02-13,Helix Suppliers
ORD-95322,INV-2026-13999,1970.42,OVERDUE,2025-07-07,2025-06-07,Cascade Imports
ORD-89894,INV-2026-6318,2745.89,CANCELLED,2025-06-15,2025-05-16,Crest Enterprises
ORD-61600,INV-2026-71737,4953.65,OVERDUE,2025-09-25,2025-08-26,Atlas Merchants
ORD-65951,INV-2026-96991,3735.19,OVERDUE,2026-04-13,2026-03-14,Quantum Distribution
ORD-91724,INV-2026-50173,1959.13,PAID,2025-06-11,2025-05-12,Sigma Networks
ORD-41284,INV-2026-53825,106.78,OVERDUE,2026-02-04,2026-01-05,Apex Ventures
ORD-11465,INV-2026-34663,94.80,CANCELLED,2025-11-09,2025-10-10,InnovateTech
ORD-35657,INV-2026-67894,1195.60,CANCELLED,2025-03-24,2025-02-22,InnovateTech
ORD-18694,INV-2026-61219,1621.02,SENT,2025-06-14,2025-05-15,Acme Corp
ORD-94169,INV-2026-62491,3006.36,OVERDUE,2026-06-09,2026-05-10,Phoenix Trade
ORD-94063,INV-2026-77115,3300.57,PARTIAL,2026-03-18,2026-02-16,InnovateTech
ORD-77697,INV-2026-23829,1899.70,PARTIAL,2025-04-11,2025-03-12,Orion Industries
ORD-65888,INV-2026-35206,248.66,SENT,2025-02-03,2025-01-04,PrimeSourcing
ORD-83530,INV-2026-4425,766.52,SENT,2025-12-05,2025-11-05,Elite Traders
ORD-60847,INV-2026-57770,462.81,PARTIAL,2026-03-30,2026-02-28,Metro Supplies
ORD-22122,INV-2026-62993,3509.64,PAID,2026-04-19,2026-03-20,Zenith Group
ORD-63639,INV-2026-25008,4254.08,PAID,2026-06-24,2026-05-25,Eclipse Logistics
ORD-16878,INV-2026-40152,4539.30,CANCELLED,2026-07-27,2026-06-27,Reliable Retail
ORD-35837,INV-2026-99846,2875.89,SENT,2026-07-19,2026-06-19,Pinnacle Wholesale
ORD-13315,INV-2026-82609,2910.67,DRAFT,2025-08-10,2025-07-11,Helix Suppliers
ORD-61823,INV-2026-79484,434.54,OVERDUE,2025-10-18,2025-09-18,Crest Enterprises
ORD-83113,INV-2026-48886,2266.54,PAID,2025-07-21,2025-06-21,Delta Commerce
ORD-37483,INV-2026-42301,2860.99,PAID,2025-03-28,2025-02-26,Titan Trading
ORD-99406,INV-2026-90157,4453.52,OVERDUE,2025-02-26,2025-01-27,Astra Corporation
ORD-52197,INV-2026-40317,2368.94,DRAFT,2025-06-16,2025-05-17,Orion Industries
ORD-45111,INV-2026-51909,3454.85,SENT,2026-03-29,2026-02-27,Delta Commerce
ORD-87866,INV-2026-33926,4515.72,DRAFT,2026-06-28,2026-05-29,Nova Distributors
ORD-20191,INV-2026-92967,2175.60,CANCELLED,2025-03-16,2025-02-14,Sigma Networks
ORD-40448,INV-2026-94695,616.78,DRAFT,2025-03-01,2025-01-30,Cascade Imports
ORD-20379,INV-2026-59707,2866.92,OVERDUE,2026-03-18,2026-02-16,Zenith Group
ORD-97628,INV-2026-7092,309.28,SENT,2025-02-14,2025-01-15,Acme Corp
ORD-94980,INV-2026-33763,3460.21,OVERDUE,2025-12-12,2025-11-12,Helix Suppliers
ORD-27136,INV-2026-29465,2582.55,SENT,2025-10-12,2025-09-12,Metro Supplies
ORD-51887,INV-2026-24681,748.00,CANCELLED,2025-12-15,2025-11-15,InnovateTech
ORD-31652,INV-2026-35068,4860.35,PARTIAL,2026-03-18,2026-02-16,NexGen Logistics
ORD-93017,INV-2026-83012,587.62,PARTIAL,2025-02-23,2025-01-24,NexGen Logistics
ORD-57322,INV-2026-34793,4999.45,PARTIAL,2025-02-26,2025-01-27,Crest Enterprises
ORD-43104,INV-2026-14881,444.62,SENT,2026-03-19,2026-02-17,Metro Supplies
ORD-44207,INV-2026-46631,838.42,PARTIAL,2025-12-17,2025-11-17,InnovateTech
ORD-68280,INV-2026-52050,1631.52,PARTIAL,2025-09-13,2025-08-14,Orion Industries
ORD-49739,INV-2026-79901,4702.94,DRAFT,2025-07-30,2025-06-30,Orion Industries
ORD-29335,INV-2026-68008,4642.08,OVERDUE,2026-02-14,2026-01-15,Titan Trading
ORD-74362,INV-2026-21002,343.96,PARTIAL,2025-08-15,2025-07-16,Polaris Retail
ORD-23019,INV-2026-38585,3477.61,DRAFT,2026-03-22,2026-02-20,InnovateTech
ORD-49242,INV-2026-31976,4068.04,CANCELLED,2026-06-27,2026-05-28,Apex Ventures
ORD-79277,INV-2026-76694,3128.45,OVERDUE,2025-03-12,2025-02-10,Nova Distributors
ORD-96369,INV-2026-77412,4075.86,DRAFT,2026-03-31,2026-03-01,Nova Distributors
ORD-85406,INV-2026-96567,3722.07,DRAFT,2025-06-11,2025-05-12,Quantum Distribution
ORD-71919,INV-2026-10366,346.37,PAID,2025-04-01,2025-03-02,Sigma Networks
ORD-22604,INV-2026-87096,567.48,PARTIAL,2026-04-08,2026-03-09,Pinnacle Wholesale
ORD-65561,INV-2026-71834,4783.87,DRAFT,2026-03-01,2026-01-30,Polaris Retail
ORD-79799,INV-2026-70183,2361.80,PAID,2025-02-26,2025-01-27,Reliable Retail
ORD-88485,INV-2026-14172,754.08,OVERDUE,2026-06-10,2026-05-11,Nova Distributors
ORD-14873,INV-2026-45085,995.94,PARTIAL,2026-06-26,2026-05-27,Metro Supplies
ORD-19942,INV-2026-95230,3478.46,PARTIAL,2026-01-15,2025-12-16,Reliable Retail
ORD-42991,INV-2026-24659,4949.89,CANCELLED,2026-05-08,2026-04-08,Atlas Merchants
ORD-17055,INV-2026-31131,2863.44,OVERDUE,2026-06-20,2026-05-21,Reliable Retail
ORD-40411,INV-2026-68344,65.89,DRAFT,2025-10-16,2025-09-16,Horizon Wholesale
ORD-21848,INV-2026-34579,3355.10,SENT,2025-07-18,2025-06-18,Atlas Merchants
ORD-64767,INV-2026-96529,3444.72,CANCELLED,2025-12-16,2025-11-16,Atlas Merchants
ORD-49426,INV-2026-17144,3936.45,PAID,2025-06-16,2025-05-17,Reliable Retail
ORD-28488,INV-2026-2839,216.11,PARTIAL,2026-03-03,2026-02-01,Apex Ventures
ORD-81616,INV-2026-50171,911.63,PARTIAL,2025-08-13,2025-07-14,Quantum Distribution
ORD-44018,INV-2026-74637,2454.93,DRAFT,2025-09-22,2025-08-23,Elite Traders
ORD-31917,INV-2026-13223,364.84,PAID,2026-04-24,2026-03-25,Atlas Merchants
ORD-47049,INV-2026-53006,2370.12,OVERDUE,2025-09-12,2025-08-13,NexGen Logistics
ORD-51510,INV-2026-12087,3555.99,PAID,2025-05-22,2025-04-22,Metro Supplies
ORD-65018,INV-2026-10172,2309.16,SENT,2025-04-29,2025-03-30,NexGen Logistics
ORD-46677,INV-2026-30639,790.70,PARTIAL,2026-05-15,2026-04-15,Crest Enterprises
ORD-30164,INV-2026-34120,4906.98,PARTIAL,2026-03-15,2026-02-13,InnovateTech
ORD-70614,INV-2026-36897,290.12,PAID,2025-08-28,2025-07-29,Polaris Retail
ORD-14906,INV-2026-6123,3856.34,OVERDUE,2026-07-18,2026-06-18,Pinnacle Wholesale
ORD-26224,INV-2026-59844,822.44,SENT,2025-11-04,2025-10-05,TechStart Inc
ORD-61250,INV-2026-75050,4190.59,OVERDUE,2026-01-03,2025-12-04,Pinnacle Wholesale
ORD-25326,INV-2026-30776,4946.28,SENT,2026-02-28,2026-01-29,Reliable Retail
ORD-10732,INV-2026-88555,4676.80,PAID,2025-03-28,2025-02-26,Cascade Imports
ORD-82282,INV-2026-84992,3780.70,SENT,2025-06-14,2025-05-15,Nova Distributors
ORD-76110,INV-2026-27494,271.89,SENT,2025-06-28,2025-05-29,GlobalMart
ORD-39425,INV-2026-28115,4398.34,DRAFT,2025-10-17,2025-09-17,Titan Trading
ORD-52192,INV-2026-92766,255.52,PARTIAL,2026-07-11,2026-06-11,Orion Industries
ORD-12106,INV-2026-66042,863.62,PAID,2025-08-17,2025-07-18,TechStart Inc
ORD-63760,INV-2026-19286,2544.04,SENT,2025-11-07,2025-10-08,Metro Supplies
ORD-26186,INV-2026-19116,2888.72,DRAFT,2026-04-28,2026-03-29,Titan Trading
ORD-99669,INV-2026-20122,2708.00,PAID,2026-01-07,2025-12-08,Omega Brands
ORD-60284,INV-2026-66434,3141.02,SENT,2025-06-02,2025-05-03,Zenith Group
ORD-15191,INV-2026-85589,4726.01,OVERDUE,2026-07-10,2026-06-10,Orion Industries
ORD-35717,INV-2026-96657,3598.21,CANCELLED,2026-04-27,2026-03-28,Eclipse Logistics
ORD-64945,INV-2026-48393,3608.41,PARTIAL,2025-05-08,2025-04-08,PrimeSourcing
ORD-79454,INV-2026-8255,4961.47,OVERDUE,2026-01-22,2025-12-23,Cascade Imports
ORD-51673,INV-2026-21700,4420.08,DRAFT,2025-03-08,2025-02-06,Polaris Retail
ORD-88209,INV-2026-44394,1099.63,OVERDUE,2025-05-23,2025-04-23,Metro Supplies
ORD-60114,INV-2026-52201,2386.10,CANCELLED,2026-01-11,2025-12-12,Nova Distributors
ORD-68147,INV-2026-99880,567.54,PAID,2025-04-15,2025-03-16,InnovateTech
ORD-27094,INV-2026-80636,779.66,CANCELLED,2026-07-17,2026-06-17,GlobalMart
ORD-11124,INV-2026-36392,884.33,SENT,2025-12-29,2025-11-29,Atlas Merchants
ORD-33713,INV-2026-34227,2282.28,OVERDUE,2025-12-24,2025-11-24,Polaris Retail
ORD-56883,INV-2026-39011,4826.70,DRAFT,2026-06-28,2026-05-29,Metro Supplies
ORD-52349,INV-2026-35239,2726.64,PAID,2026-07-11,2026-06-11,Phoenix Trade
ORD-92858,INV-2026-92035,4303.73,OVERDUE,2025-03-23,2025-02-21,Elite Traders
ORD-41497,INV-2026-76959,3932.02,OVERDUE,2026-07-12,2026-06-12,Vega Exports
ORD-80763,INV-2026-80438,2913.65,PAID,2025-12-08,2025-11-08,Helix Suppliers
ORD-46694,INV-2026-1144,2008.25,SENT,2026-03-04,2026-02-02,Crest Enterprises
ORD-14580,INV-2026-75853,3196.89,CANCELLED,2025-12-11,2025-11-11,TechStart Inc
ORD-55269,INV-2026-90072,3236.63,DRAFT,2026-07-24,2026-06-24,Crest Enterprises
ORD-90936,INV-2026-3421,977.26,DRAFT,2026-06-23,2026-05-24,Delta Commerce
ORD-75374,INV-2026-26427,302.85,CANCELLED,2025-05-03,2025-04-03,Metro Supplies
ORD-40124,INV-2026-3620,855.83,CANCELLED,2025-09-13,2025-08-14,Reliable Retail
ORD-36586,INV-2026-51774,3997.76,OVERDUE,2026-05-05,2026-04-05,TechStart Inc
ORD-55306,INV-2026-19492,2843.59,CANCELLED,2025-06-19,2025-05-20,Apex Ventures
ORD-40680,INV-2026-71876,1572.52,PARTIAL,2025-06-27,2025-05-28,Cascade Imports
ORD-68834,INV-2026-78062,3178.88,SENT,2025-06-26,2025-05-27,Apex Ventures
ORD-38882,INV-2026-33582,742.52,PAID,2026-07-17,2026-06-17,Helix Suppliers
ORD-83479,INV-2026-67750,3918.73,PARTIAL,2025-02-17,2025-01-18,Elite Traders
ORD-20351,INV-2026-56369,905.37,PAID,2025-07-31,2025-07-01,PrimeSourcing
ORD-22738,INV-2026-17867,3375.07,DRAFT,2025-05-01,2025-04-01,Astra Corporation
ORD-52736,INV-2026-40463,3274.30,PAID,2026-07-11,2026-06-11,Helix Suppliers
ORD-55943,INV-2026-3016,771.30,PAID,2026-03-24,2026-02-22,Polaris Retail
ORD-19592,INV-2026-3398,3409.54,DRAFT,2026-03-05,2026-02-03,Eclipse Logistics
ORD-79999,INV-2026-13269,4406.50,OVERDUE,2025-05-15,2025-04-15,Quantum Distribution
ORD-73180,INV-2026-64517,3407.80,PARTIAL,2026-06-16,2026-05-17,Quantum Distribution
ORD-11937,INV-2026-82242,3189.11,PAID,2025-05-08,2025-04-08,Polaris Retail
ORD-49784,INV-2026-84137,4751.91,OVERDUE,2025-02-10,2025-01-11,Delta Commerce
ORD-34942,INV-2026-65673,901.09,PAID,2025-03-12,2025-02-10,Quantum Distribution
ORD-93207,INV-2026-24333,4706.83,PAID,2025-02-09,2025-01-10,Elite Traders
ORD-49766,INV-2026-3687,557.84,DRAFT,2026-05-01,2026-04-01,Omega Brands
ORD-54883,INV-2026-56672,4816.06,PARTIAL,2025-08-29,2025-07-30,Horizon Wholesale
ORD-95982,INV-2026-41682,1039.92,DRAFT,2025-11-07,2025-10-08,Metro Supplies
ORD-57795,INV-2026-5277,469.69,CANCELLED,2025-02-16,2025-01-17,Pinnacle Wholesale
ORD-41303,INV-2026-11868,4565.52,CANCELLED,2026-04-21,2026-03-22,Omega Brands
ORD-65685,INV-2026-57080,2313.25,PAID,2026-02-27,2026-01-28,Elite Traders
ORD-62347,INV-2026-80986,4836.86,CANCELLED,2025-08-25,2025-07-26,Zenith Group
ORD-41729,INV-2026-28039,3829.99,SENT,2025-03-07,2025-02-05,Crest Enterprises
ORD-46992,INV-2026-69540,3733.10,OVERDUE,2026-07-04,2026-06-04,Eclipse Logistics
ORD-56487,INV-2026-25981,472.69,CANCELLED,2025-02-01,2025-01-02,Polaris Retail
ORD-78830,INV-2026-62883,4735.11,DRAFT,2025-04-09,2025-03-10,Helix Suppliers
ORD-49887,INV-2026-50860,609.48,CANCELLED,2026-05-26,2026-04-26,Horizon Wholesale
